KEY,en,notes,sp,fr,de,it,pt-br,ru,ko,ja,zh
EABILITY_HOLYBLAST_NAME,Holy Blast,,Explosión sagrada,Explosion sacrée,Heilige Explosion,Esplosione Sacra,Explosão Sagrada,,,,神圣冲击
EABILITY_PRECOGNITION_NAME,Precognition,,Premonición,Prémonition,Vorausahnung,Precognizione,Predição,,,,预知
EABILITY_ANNIHILATION_NAME,Annihilation,,Aniquilación,Annihilation,Vernichtung,Annientamento,Aniquilação,,,,湮灭
EABILITY_RISE_NAME,Rise,,Levantamiento,Ascension,Erheben,Ascesa,Elevação,,,,升起
EABILITY_PURITY_NAME,Purity,,Pureza,Pureté,Reinheit,Purezza,Pureza,,,,纯洁
EABILITY_WRATH_NAME,Wrath,,Ira,Courroux,Zorn,Ira,Ira,,,,愤怒
EABILITY_PULSE_NAME,Pulse,,Pulso,Pulsation,Puls,Impulso,Pulso,,,,脉冲
EABILITY_SLAM_NAME,Slam,,Porrazo,Écrasement,Aufschlag,Schianto,Batida,,,,猛击
EABILITY_TOSS_NAME,Toss,,Lanzamiento,Lancer,Wurf,Lancio,Lançamento,,,,投掷
EABILITY_GASP_NAME,Gasp,,Bocanada,Exclamation,Keuchen,Sussulto,Engasgo,,,,喘息
EABILITY_RAGE_NAME,Rage,,Rabia,Rage,Rage,Rabbia,Raiva,,,,暴怒
EABILITY_TANTRUM_NAME,Tantrum,,Rabieta,Caprice,Wutanfall,Capriccio,Birra,,,,发脾气
EABILITY_CALL_NAME,Call,,Llamada,Appel,Ruf,Richiamo,Chamado,,,,呼唤
EABILITY_SPIT_NAME,Spit,,Escupitajo,Crachat,Ausspucken,Sputo,Cuspe,,,,吐口水
EABILITY_BELLYPOUND_NAME,Belly Pound,,Barrigazo,Tambourinage de bide,Bauchtrommel,Sbatacchiamento di Pancia,Barrigada,,,,腹部猛击
EABILITY_DIGEST_NAME,Digest,,Digestión,Digestion,Verdauen,Digestione,Digestão,,,,消化
EABILITY_HEADCHARGE_NAME,Head Charge,,Cabezazo,Tête en avant,Kopfansturm,Carica di Testa,Cabeçada,,,,头部冲锋
EABILITY_SHRIEK_NAME,Shriek,,Chillido,Cri perçant,Kreischen,Stridio,Guincho,,,,尖啸
EABILITY_SCREAM_NAME,Scream,,Grito,Cri,Schrei,Urlo,Grito,,,,尖叫
EABILITY_SHAKE_NAME,Shake,,Sacudida,Secousse,Schütteln,Scuotimento,Tremor,,,,震动
EABILITY_COUGH_NAME,Cough,,Tos,Toux,Husten,Tosse,Tosse,,,,咳嗽
EABILITY_PRISON_NAME,Prison,,Prisión,Prison,Gefängnis,Prigione,Prisão,,,,囚笼
EABILITY_SPINTHROW_NAME,Spin Throw,,Lanzamiento giratorio,Lancer toupie,Drehwurf,Lancio Rotante,Lançamento Giratório,,,,旋转投掷
EABILITY_FIRESTORM_NAME,Firestorm,,Tormenta de fuego,Tempête de feu,Feuersturm,Tempesta di Fuoco,Tempestade de Fogo,,,,火焰风暴
EABILITY_FIREBREATH_NAME,Fire Breath,,Aliento de fuego,Souffle de feu,Feueratem,Soffio di Fuoco,Hálito Flamejante,,,,火焰吐息
EABILITY_VOLCANOSTOMP_NAME,Volcano Stomp,,Pisotón volcánico,Piétinement volcanique,Vulkanstampfer,Pestone Vulcanico,Pisão de Vulcão,,,,火山重踏
EABILITY_SPINDASH_NAME,Spin Dash,,Carrera giratoria,Charge tournoyante,Drehsturm,Scatto Rotante,Impulso Giratório,,,,旋转冲刺
EABILITY_METEORNADO_NAME,Meteornado,,Meteornado,Météornade,Meteornado,Meteornado,Meteoronado,,,,陨石龙卷
EABILITY_TURTLE_NAME,Turtle,,Tortuga,Tortue,Panzerschutz,Tartaruga,Tartaruga,,,,缩壳
EABILITY_MAGNETPULL_NAME,Magnet Pull,,Atracción magnética,Attirance magnétique,Magnetzug,Attrazione Magnetica,Atração Magnética,,,,磁力牵引
EABILITY_METEORBOMBARD_NAME,Meteor Bombardment,,Bombardeo de meteoritos,Bombardement météore,Meteorbeschuss,Bombardamento Meteoritico,Bombardeio de Meteoros,,,,陨石轰炸
EABILITY_HSULF_NAME,Hsulf,"""Flush"" backwards (for chaos boss) [backwards version of flushmaster Flush]",Anretsic,Odessahc,Gnulüps,Enouqcaics,Orieugracsed,,,,水冲
EABILITY_TSALBDNIMAGEM_NAME,Tsalb Dnim Agem,"""Mega Mind Blast"" backwards (for chaos boss) [backwards version of johnny's Mega Mind Blast]",Latnem nóisolpxeagem,Euqihcysp epparf agèm,Noisolpxeneknadeg Egiseir,Elatnem Enoisolpse Agem,Latnem Oãsolpxe Agem,,,,爆震灵心级超
EABILITY_TUODAERPS_NAME,Tuo Daerps.,"""Spread Out"" backwards (for chaos boss) [backwards version of throbbing king's Spread Out]",Adadnabsed,Suov-zesrepsid.,Hcue tlietreV.,Ivetailgapraps.,Otnemahlapse,,,,。开散
EABILITY_THROWGRENADE_NAME,Throw Grenade,,Lanzamiento de granada,Lancer de grenade,Granate werfen,Lancio di Granata,Lançar Granada,,,,投掷手榴弹
EABILITY_SNIPER_NAME,Sniper,,Tiro de francotirador,Sniper,Scharfschütze,Cecchino,Sniper,,,,狙击
EABILITY_BOULDERDROP_NAME,Boulder Drop!,,¡Peñasco va!,Lancer de rocher,Steinschlag!,Caduta Massi!,Pedrada!,,,,落石！
EABILITY_T3RIPANDTEAR_NAME,Auseinanderreißen,,Auseinanderreißen,Auseinanderreißen,Auseinanderreißen,Auseinanderreißen,Auseinanderreißen,,,,撕裂
EABILITY_ROULETTE_NAME,Roulette.,,Ruleta,Roulette.,Roulette.,Roulette.,Roleta.,,,,轮盘赌
EABILITY_KNEEL_NAME,Kneel.,,Postración,À genoux.,Kniet nieder.,Inginocchiatevi.,Ajoelhar.,,,,跪下
EABILITY_GOAWAY_NAME,Go Away.,,Distanciamiento,Dégage.,Aus meinen Augen.,Andatevene.,Partida.,,,,滚开
EABILITY_SPREADOUT_NAME,Spread Out.,,Desbandada,Dispersez-vous.,Verteilt euch.,Sparpagliatevi.,Espalhamento.,,,,散开
EABILITY_VOMITRAIN_NAME,Vomit Rain,,Lluvia de vómito,Pluie de vomi,Kotzregen,Pioggia di Vomito,Chuva de Vômito,,,,呕吐雨
EABILITY_SPAWNBOMB_NAME,Spawn Bomb,,Generación de bomba,Invocation de bombe,Bombe werfen,Generazione Bomba,Gerar Bomba,,,,生成炸弹
EABILITY_SPAWNRAT_NAME,Spawn Rat,,Generación de rata,Invocation de rat,Ratte rufen,Generazione Ratto,Gerar Rato,,,,生成老鼠
EABILITY_CUT_NAME,Cut,,Corte,Coupure,Ritzen,Taglio,Corte,,,,切割
EABILITY_HEAL_NAME,Heal,,Curación,Soin,Heilung,Cura,Cura,,,,治疗
EABILITY_TRAMPLEDASH_NAME,Trample Dash,,Carrera con pisotón,Charge bélier,Trampelansturm,Scatto Travolgente,Atropelamento,,,,践踏冲刺
EABILITY_RAGEUP_NAME,Rage Up,,Rabia aumentada,Fureur,Wut hoch,Furia +,Enfurecer,,,,暴怒提升
EABILITY_DUSTDASH_NAME,Dust Dash,,Carrera polvorienta,Charge poussiéreuse,Staubansturm,Scatto di Polvere,Impulso de Poeira,,,,尘土冲刺
EABILITY_SPELLSHIELD_NAME,Spell Shield,,Escudo antihechizos,Bouclier magique,Zauberschild,Scudo Magico,Escudo Encantado,,,,法术护盾
EABILITY_FLAMETHROWER_NAME,Flamethrower,,Lanzallamas,Lance-flammes,Flammenwerfer,Lanciafiamme,Lança-Chamas,,,,喷火器
EABILITY_WIZBLIZZ_NAME,Wiz Blizz,,Viento embrujado,Blizzard magique,Zauberschnee,Bufera Magica,Nevascaria,,,,巫师暴雪
EABILITY_WIZSTORM_NAME,xXx_Thunder_xXx,,xXx_Trueno_xXx,xXx_Tonnerre_xXx,xXx_Donner_xXx,xXx_Tuono_xXx,xXx_Trovão_xXx,,,,xXx_雷霆_xXx
EABILITY_SWIPE_NAME,Swipe,,Golpe,Baffe,Schlag,Zampata,Passada,,,,爪击
EABILITY_BITE_NAME,Bite,,Mordisco,Morsure,Biss,Morso,Mordida,,,,撕咬
EABILITY_GEMINADO_NAME,Geminado,,Geminado,Tornades jumelles,Geminado,Geminado,Geminado,,,,双子龙卷
EABILITY_SUICIDEMELEE_NAME,Melee Attack,,Ataque cuerpo a cuerpo,Attaque au corps-à-corps,Nahkampfangriff,Attacco Corpo a Corpo,Ataque Corpo-a-Corpo,,,,近战攻击
EABILITY_SUICIDEMELEE_DESC,A melee attack that also damages yourself.,,Un ataque cuerpo a cuerpo que también daña a esta unidad.,Une attaque au corps-à-corps qui vous inflige également des dégâts.,"Ein Nahkampfangriff, der dir auch selbst Schaden zufügt.",Un attacco corpo a corpo che danneggia anche te.,Um ataque corpo-a-corpo que também causa dano a você.,,,,一种也会伤害自身的近战攻击。
EABILITY_SPAWNMAGGOT_NAME,Spawn Maggot,,Generación de gusano,Invocation d'asticot,Made rufen,Generazione Larva,Gerar Verme,,,,生成蛆虫
EABILITY_SPAWNMAGGOTS_NAME,Spawn Maggots,,Generación de gusanos,Invocation d'asticots,Maden rufen,Generazione Larve,Gerar Vermes,,,,生成蛆虫
EABILITY_SPAWNFLEA_NAME,Spawn Flea,,Generación de pulga,Invocation de puce,Floh rufen,Generazione Pulce,Gerar Pulga,,,,生成跳蚤
EABILITY_RATLEAP_NAME,Rat Leap,,Brinco ratonero,Saut de rat,Rattensprung,Balzo del Ratto,Salto do Rato,,,,老鼠跳跃
EABILITY_CATCALL_NAME,Cat Call,,Llamada felina,Huée,Katzenjammer,Richiamo del Gatto,Cantada,,,,唤猫
EABILITY_MUTATE_NAME,Mutate,,Mutación,Mutation,Mutation,Mutazione,Mutação,,,,突变
EABILITY_TUMORPRISON_NAME,Tumor Prison,,Prisión tumoral,Prison tumeur,Tumorgefängnis,Prigione Tumorale,Prisão de Tumor,,,,肿瘤囚笼
EABILITY_RALLYMAGGOTS_NAME,"Rally, Maggots!",,Gusanos replegados,Ralliement d'asticots,"Auf sie, ihr Maden!","Radunatevi, Larve!","Vermes, Comigo!",,,,集合，蛆虫们！
EABILITY_ZAP_NAME,Zap,,Calambre,Bzzzz,Stromstoß,Zap,Zap,,,,电击
EABILITY_FATLEAP_NAME,Fat Leap,,Brinco grasiento,Gros saut,Fetter Sprung,Balzo Ciccione,Salto Gorduroso,,,,重磅跳跃
EABILITY_XLIGHTNING_NAME,X Lightning,,Rayo X,Éclair X,X-Blitz,Fulmin-X,Raio X,,,,X 形闪电
EABILITY_SLIDE_NAME,Slide,,Deslizamiento,Glissade,Rutschen,Scivolata,Deslizar,,,,滑行
EABILITY_MCFLAMETHROWER_NAME,MC Flamethrower,,Lanzallamas de GM,CM&nbsp;Lance-flammes,MC-Flammenwerfer,Lanciafiamme del GM,Lança-Chamas MC,,,,MC 喷火器
EABILITY_MCBLIZZ_NAME,MC Blizz,,Ventisca de GM,CM&nbsp;Blizzard,MC-Blizz,Bufera del GM,Nevasca MC,,,,MC 暴雪
EABILITY_MCTHUNDER_NAME,MC Thunder,,Trueno de GM,CM&nbsp;Tonnerre,MC-Donner,Tuono del GM,Trovão MC,,,,MC 雷霆
EABILITY_D6FIZZLE_NAME,0 : Fizzle,,0 : Chisporroteo,0&nbsp;: Crépitement,0 : Zischen,0: Sibilo,0 : Silvo,,,,0 : 哑火
EABILITY_D6CONFUSION_NAME,1 : Confusion,,1 : Confusión,1&nbsp;: Confusion,1 : Verwirrung,1: Confusione,1 : Confusão,,,,1 : 混乱
EABILITY_D6POOP_NAME,2 : Poop,,2 : Caca,2&nbsp;: Crotte,2 : Häufchen,2: Cacca,2 : Cocô,,,,2 : 便便
EABILITY_D6LEECH_NAME,2 : Leech,,2 : Sanguijuela,2&nbsp;: Sangsue,2 : Blutegel,2: Sanguisuga,2 : Sanguessuga,,,,2 : 水蛭
EABILITY_D6LASER_NAME,3 : Laser,,3 : Láser,3&nbsp;: Laser,3 : Laser,3: Laser,3 : Laser,,,,3 : 激光
EABILITY_D6KNIVES_NAME,4 : Knives,,4 : Cuchillos,4&nbsp;: Couteaux,4 : Messer,4: Coltelli,4 : Facas,,,,4 : 飞刀
EABILITY_D6QUAKE_NAME,4 : Quake,,4 : Temblor,4&nbsp;: Séisme,4 : Beben,4: Terremoto,4 : Terremoto,,,,4 : 地震
EABILITY_D6STORM_NAME,5 : Storm,,5 : Tormenta,5&nbsp;: Tempête,5 : Sturm,5: Tempesta,5 : Tempestade,,,,5 : 风暴
EABILITY_D6WRATH_NAME,6 : Wrath,,6 : Ira,6&nbsp;: Colère,6 : Zorn,6: Ira,6 : Ira,,,,6 : 愤怒
EABILITY_ROLLDICE_NAME,Roll!,,¡Tirada!,Roule&nbsp;!,Wurf!,Tira!,Cambalhota!,,,,掷骰！
EABILITY_SHOVE_NAME,Shove,,Envite,Bourrade,Schubsen,Spinta,Encontrão,,,,推搡
EABILITY_POISONKNIFE_NAME,Poison Knife,,Cuchillo venenoso,Couteau empoisonné,Giftmesser,Coltello Avvelenato,Faca Envenenada,,,,毒刃
EABILITY_HEALBOMB_NAME,Heal Bomb,,Bomba curativa,Bombe de soin,Heilbombe,Bomba Curativa,Bomba de Cura,,,,治疗炸弹
EABILITY_MASSHEAL_NAME,Mass Heal,,Curación colectiva,Soin de masse,Massenheilung,Cura di Massa,Cura em Massa,,,,群体治疗
EABILITY_CHAINDASH_NAME,Chain Dash,,Carrera encadenada,Charge en chaîne,Mehrfachansturm,Scatto a Catena,Impulso Encadeado,,,,连锁冲刺
EABILITY_SHADOWDAGGER_NAME,Shadow Dagger,,Daga sombría,Dague de l'ombre,Schattenmesser,Pugnale d'Ombra,Adaga Sombria,,,,暗影匕首
EABILITY_GLARE_NAME,Glare,,Resplandor,Regard noir,Schlangenblick,Abbagliamento,Brilho,,,,瞪视
EABILITY_BLOW_NAME,Blow,,Golpetazo,Choc,Hieb,Soffio,Assoprão,,,,吹气
EABILITY_HEALINGWORD_NAME,Healing Word,,Palabra curativa,Mot guérisseur,Heilendes Wort,Parola Curativa,Palavra Curativa,,,,治愈真言
EABILITY_BEARTRAP_NAME,Bear Trap,,Cepo para osos,Piège à ours,Bärenfalle,Trappola per Orsi,Armadilha de Urso,,,,捕兽夹
EABILITY_SPIN_NAME,Spin,,Giro,Tour,Wirbel,Rotazione,Giro,,,,旋转
EABILITY_DASH_NAME,Dash,,Carrera,Impulsion,Ansturm,Scatto,Impulso,,,,冲刺
EABILITY_LICK_NAME,Lick,,Lametón,Léchouille,Schlecker,Leccata,Lambida,,,,舔舐
EABILITY_SPITGLASS_NAME,Spit Glass,,Escupitajo de cristal,Crachat de verre,Glas spucken,Sputo di Vetro,Cuspir Vidro,,,,吐玻璃
EABILITY_SIRENCALL_NAME,Siren Call,,Canto de sirena,Chant de sirène,Sirenengesang,Richiamo della Sirena,Canto da Sereia,,,,塞壬之唤
EABILITY_FURYSWIPES_NAME,Fury Swipes,,Golpes con furia,Frappes furieuses,Kratzfurie,Zampate di Furia,Golpes Furiosos,,,,疯狂乱抓
EABILITY_HITLERSWIPES_NAME,Führer Swipes,,Golpes del Führer,Frappes de Führer,Kratzführer,Zampate del Führer,Golpes do Führer,,,,元首乱抓
EABILITY_CHUMSHOT_NAME,Chum Shot,,Tiro de cebo,Tir allié,Köderschuss,Colpo di Pastura,Disparo Amigável,,,,诱饵射击
EABILITY_CHUMDASH_NAME,Chum Dash,,Carrera de cebo,Charge alliée,Köderansturm,Scatto di Pastura,Impulso Amigável,,,,诱饵冲刺
EABILITY_SCATTER_NAME,Scatter.,,Dispersión,Dispersion.,Auseinander.,Disperdetevi.,Espalhamento.,,,,散开
EABILITY_HIDE_NAME,Hide.,,Pellejo,Cachez-vous.,Verstecken.,Nascondetevi.,Esconder.,,,,躲藏
EABILITY_MEATTENTACLE_NAME,Meat Tentacle,,Tentáculo carnoso,Viande de tentacule,Fleischtentakel,Tentacolo di Carne,Tentáculo de Carne,,,,肉触手
EABILITY_LITTER_NAME,Litter,,Basura,Détritus,Streu,Lettiera,Jogar Lixo,,,,乱扔垃圾
EABILITY_WIGGLE_NAME,Wiggle,,Serpenteo,Trémoussage,Wackel,Dimenamento,Balançada,,,,扭动
EABILITY_MEATMINION_NAME,Meat Minion,,Secuaz carnoso,Viande de serviteur,Fleischdiener,Servitore di Carne,Servo de Carne,,,,肉块随从
EABILITY_BLOATYEXPLODE_NAME,Explode,,Explosión,Explosion,Explodieren,Esplosione,Explosão,,,,爆炸
EABILITY_BLOATYEXPLODE_DESC,he explode,,explota,Une explosion.,er macht Bumm,lui esplode,ele faz bum,,,,它炸了
EABILITY_SPAWNDIP_NAME,Spawn Dip,,Generación de catalino,Invocation de caca,Köttel rufen,Generazione Cacchina,Gerar Caquinha,,,,生成小屎怪
EABILITY_LEECHDASH_NAME,Leech Dash,,Carrera de sanguijuelas,Charge de sangsue,Blutegelansturm,Scatto della Sanguisuga,Impulso Sanguessuga,,,,水蛭冲刺
EABILITY_BUMBLEJUMP_NAME,Bumble Jump,,Bumblesalto,Saut de ver glouton,Bummelsprung,Bubbosalto,Salto Confuso,,,,笨拙跳跃
EABILITY_FEAST_NAME,Feast,,Festín,Festin,Festmahl,Banchetto,Banquete,,,,盛宴
EABILITY_BONESPURT_NAME,Bone Spurt,,Borbotón óseo,Jet d'os,Knochensporn,Schizzo d'Ossa,Esporão Ósseo,,,,骨刺喷射
EABILITY_ROCKSONG_NAME,Rock Song,,Canción roquera,Morceau de rock,Steinlied,Canzone della Roccia,Canção de Rock,,,,岩石之歌
EABILITY_CHUBSPIN_NAME,Chub Spin,,Giro de Chub,Toupie moignon,Chub-Wirbel,Trottola di Chubs,Giro Gorduroso,,,,查布旋转
EABILITY_NUKE_NAME,Nuke,,Arma nuclear,Bombe nucléaire,Atombombe,Bomba Nucleare,Nuclear,,,,核弹
EABILITY_NUBFLUB_NAME,Nub Flub,,Pifia de Nub,Bourde moignon,Nub-Sprung,Pasticcio di Flubs,Catotada,,,,纳布失误
EABILITY_FLUSH_NAME,Flush,,Cisterna,Chasse d'eau,Spülung,Sciacquone,Descarga,,,,冲水
EABILITY_TENTICKLES_NAME,Ten Tickles,,Pulpillitas,Tentaccule,Kitzler,Solletico Tentacolare,Dez Cócegas,,,,十触挠痒
EABILITY_BOTTOMSUP_NAME,Bottoms Up,,¡Salud!,Cul sec,Prost,Cin Cin,Inversão,,,,干杯
EABILITY_BOTTOMSUP_DESC,Gain 5HP. Can only be used when standing in water.,,Obtiene 5 PS. Solo puede usarse en el agua.,Confère PV&nbsp;+5. Ne peut être utilisé que dans l'eau.,Erhalte 5&nbsp;LP. Kann nur im Wasser verwendet werden.,Ottieni 5 PS. Può essere usato solo stando in acqua.,Obtenha 5 PV. Só pode ser utilizado na água.,,,,"获得 5 点生命值。
只能在位于水中时使用。"
EABILITY_LOBBEDWATERSHOT_NAME,Lobbed Water Shot,,Tiro de agua en arco,Tir aquatique en cloche,Wasserschuss,Tiro d'Acqua a Parabola,Disparo Aquático em Arco,,,,抛射水弹
EABILITY_LOBBEDWATERSHOT_DESC,Lobbed Water attack.,,Lanza un ataque acuoso en arco.,Attaque aquatique en cloche.,"Ein Wasserangriff, der Hindernisse ignoriert.",Attacco d'acqua a parabola.,Ataque Aquático em Arco.,,,,抛射水攻击。
EABILITY_DISGUISE_NAME,Disguise,,Disfraz,Déguisement,Tarnung,Travestimento,Disfarce,,,,伪装
EABILITY_COUNTERSPELL_NAME,Counterspell,,Contrahechizo,Contre-sort,Zauberkonter,Controincantesimo,Contrafeitiço,,,,反制法术
EABILITY_COUNTERSPELL_DESC,"Counter the next spell an enemy casts.
If counterspell isn't triggered by your next turn, absorb it to gain +2 Damage and +2 All Stats Up.",,"Contrarresta el siguiente hechizo de un enemigo.
Si esta unidad no activa el contrahechizo en el siguiente turno, lo absorbe para obtener +2 de daño y +2 de aumento total.","Contre le prochain sort ennemi. Si le contre-sort ne se déclenche pas d'ici votre prochain tour, vous l'absorbez pour gagner Dégâts&nbsp;+2 et Hausse de stats&nbsp;+2.","Kontert den nächsten Zauber, den ein Gegner wirkt.
Wenn Zauberkonter bis zu deinem nächsten Zug nicht ausgelöst wurde, erhalte +2&nbsp;Schaden und +2&nbsp;Bonus auf alle Attribute.","Contrasta il prossimo incantesimo lanciato da un nemico.
Se il controincantesimo non viene attivato entro il tuo prossimo turno, lo assorbi e ottieni +2 al Danno e +2 Aumento delle Statistiche.","Contra-ataca o próximo encantamento lançado por um inimigo.
Se o contrafeitiço não for ativado no seu próximo turno, absorva-o para obter +2 de dano e +2 em todos os atributos.",,,,"反制敌人施放的下一个法术。
如果反制法术在你的下个回合前未被触发，
则吸收它以获得 +2 伤害和
 +2 全属性提升。"
EABILITY_BRAINMISSLE_NAME,Brain Missile,,Misil cerebral,Missile psy,Hirnrakete,Missile Mentale,Míssil Cerebral,,,,大脑飞弹
EABILITY_BRAINMISSLE_DESC,Shoot an infinite-range projectile that can't miss.,,Dispara un proyectil de alcance infinito que no puede fallar.,Tire un projectile à portée infinie qui ne rate jamais sa cible.,"Feuere ein Geschoss mit unendlicher Reichweite ab, das nicht verfehlen kann.",Spara un proiettile a raggio d'azione infinito che non può mancare il bersaglio.,Dispare um projétil de alcance infinito que não pode errar.,,,,发射一枚无限射程且必中的投射物。
EABILITY_ACIDSHOT_NAME,Acid Shot,,Tiro ácido,Tir acide,Säureschuss,Colpo Acido,Disparo Ácido,,,,酸液射击
EABILITY_SUCK_NAME,Suck,,Succión,Aspiration,Sauger,Risucchio,Sugar,,,,吸入
EABILITY_SUCK_DESC,"Inhale a unit, then spit it out.",,Aspira a una unidad y luego la escupe.,"Aspire une unité, puis la recrache.",Atme eine Einheit ein und spucke sie anschließend aus.,Inala un'unita e poi la sputa via.,Inale uma unidade e então cuspa-a.,,,,吸入一个单位，然后将其吐出。
EABILITY_WOLFLEAP_NAME,Wolf Leap,,Brinco lobuno,Bond de loup,Wolfsprung,Salto del Lupo,Salto do Lobo,,,,狼跃
EABILITY_DOOM_NAME,DOOM,,Condenación,MALHEUR,TODESURTEIL,SCIAGURA,PERDIÇÃO,,,,末日
EABILITY_LEECHES_NAME,Leeches,,Sanguijuelas,Sangsues,Blutegel,Sanguisughe,Sanguessugas,,,,水蛭
EABILITY_LEAVE_NAME,Leave,,Abandono,Partir,Verlassen,Esci,Partir,,,,离开
EABILITY_RETURN_NAME,Return,,Regreso,Revenir,Rückkehr,Ritorna,Retornar,,,,返回
EABILITY_SPIDERSPAWN_NAME,Spider Spawn,,Generación de araña,Invocation d'araignée,Spinne rufen,Generazione Ragno,Gerar Aranha,,,,生成蜘蛛
EABILITY_WEB_NAME,Web,,Telaraña,Toile,Netz,Ragnatela,Teia,,,,蛛网
EABILITY_SPAWNSPIDERLING_NAME,Spawn Spiderlings,,Generación de arañitas,Invocation de jeunes araignées,Spinnenlinge rufen,Generazione Ragnetti,Gerar Aranhinhas,,,,生成小蜘蛛
EABILITY_GOINSANE_NAME,Go Insane!,,¡Locura!,Perds la raison&nbsp;!,Durchdrehen!,Impazzisci!,Enlouquecer!,,,,发疯！
EABILITY_CALMDOWN_NAME,Calm Down!,,¡Tranquilidad!,On se calme&nbsp;!,Beruhigen!,Calmati!,Acalmar-se!,,,,冷静！
EABILITY_BUTTWEB_NAME,Butt Web,,Telaraña anal,Toile du cul,Arschnetz,Ragnatela del Sedere,Teia de Bumbum,,,,屁股蛛网
EABILITY_FLIP_NAME,Flip,,Vuelta,Flip flap,Flip,Capriola,Virada,,,,翻转
EABILITY_FART_NAME,Fart,,Pedo,Pet,Furz,Scoreggia,Pum,,,,放屁
EABILITY_SPAWNWISP_NAME,Spawn Wisp,,Generación de avispa,Invocation de feu follet,Irrlicht rufen,Generazione Fuoco Fatuo,Gerar Fogo-Fátuo,,,,生成鬼火
EABILITY_BOMBTOSS_NAME,Bomb Toss,,Lanzamiento de bomba,Lancer de bombe,Bombenwurf,Lancio di Bomba,Lançamento de Bomba,,,,炸弹投掷
EABILITY_CONVERT_NAME,Convert,,Conversión,Conversion,Konvertieren,Conversione,Conversão,,,,感化
EABILITY_ZEALOT_NAME,Zealot,,Fanatismo,Zélote,Fanatiker,Zelota,Fanatismo,,,,狂热
EABILITY_BONESHOT_NAME,Bone Shot,,Tiro óseo,Tir d'os,Knochenschuss,Colpo d'Ossa,Disparo Ósseo,,,,骨弹射击
EABILITY_SANDRUSH_NAME,Sand Rush,,Embestida arenosa,Charge sableuse,Sandrausch,Scatto di Sabbia,Ataque de Areia,,,,沙尘冲锋
EABILITY_EAT_NAME,Eat,,Comida,Manger,Essen,Mangia,Comer,,,,进食
EABILITY_POISONATTACK_NAME,Poison Attack,,Ataque venenoso,Attaque empoisonnée,Giftangriff,Attacco Velenoso,Ataque Venenoso,,,,毒素攻击
EABILITY_STING_NAME,Sting,,Picadura,Piqûre,Stich,Puntura,Ferroada,,,,蛰刺
EABILITY_GRAPPLE_NAME,Grapple,,Sujeción,Baston,Zupacken,Grappino,Agarrão,,,,擒抱
EABILITY_SHOOTGUN_NAME,Shoot Gun,,Disparo de arma,Tir de fusil,Revolver,Colpo di Pistola,Disparo de Arma,,,,开枪
EABILITY_RELOAD_NAME,Reload,,Recarga,Recharge,Nachladen,Ricarica,Recarregamento,,,,装填
EABILITY_HUG_NAME,Hug,,Abrazo,Câlin,Umarmung,Abbraccio,Abraço,,,,拥抱
EABILITY_DROPCAT_NAME,Drop Cat,,Gato suelto,Lâcher de chat,Katze fallen lassen,Rilascio del Gatto,Soltar Gato,,,,丢猫
EABILITY_CATSLAP_NAME,Cat Slap,,Garfada felina,Baffe de chat,Katzenschlag,Schiaffo del Gatto,Tapa Felino,,,,猫咪拍打
EABILITY_BIGSPIN_NAME,Big Spin,,Giro grande,Grand tour,Großer Wirbel,Grossa Rotazione,Grande Giro,,,,大旋转
EABILITY_RADIATE_NAME,Radiate,,Radiación,Rayonnement,Ausstrahlen,Irradiazione,Irradiar,,,,辐射
EABILITY_CRACKLE_NAME,Crackle,,Crujido,Crépitement,Knistern,Crepitio,Estalo,,,,噼啪作响
EABILITY_BLESS_NAME,Bless,,Bendición,Grâce,Segnen,Benedizione,Abençoar,,,,祝福
EABILITY_FEELGOODDRUGS_NAME,Feel Good Drugs,,Estimulantes,Drogues agréables,Das gute Zeug,Medicine del Buonumore,Drogas Boas,,,,快乐药剂
EABILITY_FEELBADDRUGS_NAME,Feel Bad Drugs,,Depresivos,Drogues désagréables,Das schlechte Zeug,Medicine del Malumore,Drogas Ruins,,,,痛苦药剂
EABILITY_RECHARGE_NAME,Recharge,,Recarga,Recharger,Aufladen,Alimentazione,Recarga,,,,重新充能
EABILITY_KILLDOZE_NAME,Killdoze,,Devastación,Killdoze,Killdozer,Killdoze,Devastação,,,,杀戮推土
EABILITY_GUNKBALL_NAME,Gunk Ball,,Bola de pringue,Boule de crasse,Schmierball,Palla di Poltiglia,Bola de Gosma,,,,粘泥球
EABILITY_TELEKENESIS_NAME,Telekinesis,,Telequinesis,Télékinésie,Telekinese,Telecinesi,Telecinese,,,,念力
EABILITY_MINDCONTROL_NAME,Mind Control,,Control mental,Contrôle psychique,Gedankenkontrolle,Controllo Mentale,Controle Mental,,,,精神控制
EABILITY_MAGICMISSLE_NAME,Magic Missile,,Misil mágico,Missile magique,Magisches Geschoss,Missile Magico,Míssil Mágico,,,,魔法飞弹
EABILITY_MINDBLAST_NAME,Mind Blast,,Explosión mental,Frappe psychique,Gedankenexplosion,Esplosione Mentale,Explosão Mental,,,,心灵震爆
EABILITY_MEGAMINDBLAST_NAME,Mega Mind Blast,,Megaexplosión mental,Méga frappe psychique,Riesige Gedankenexplosion,Mega Esplosione Mentale,Mega Explosão Mental,,,,超级心灵震爆
EABILITY_SPROUT_NAME,Sprout,,Verdugón,Pousse,Schössling,Germoglio,Broto,,,,芽孢
EABILITY_QUAKEJUMP_NAME,Quake Jump,,Salto tembloroso,Saut sismique,Bebensprung,Salto Sismico,Pulo Terremoto,,,,地震跳跃
EABILITY_HEALINGGAS_NAME,Healing Gas,,Gas curativo,Gaz guérisseur,Heilgas,Gas Curativo,Gás Curativo,,,,治疗气体
EABILITY_THORNUP_NAME,Thorn Up,,Espina lista,Pic et pic,Dornen hoch,Spina +,Espinhamento,,,,荆棘生长
EABILITY_SHOT_NAME,Shot,,Tiro,Tir,Schuss,Colpo,Disparo,,,,射击
EABILITY_CONSUME_NAME,Consume!,,Consumo,Consommation,Konsumieren!,Consuma!,Consumir!,,,,吞噬！
EABILITY_PUKEWAVE_NAME,Pukewave,,Onda vomitiva,Vague de vomi,Kotzwelle,Onda di Vomito,Onda de Vômito,,,,呕吐波
EABILITY_CRATERHOWL_NAME,Crater Howl!,,Alarido de cráter,Cri étourdissant,Kraterheuler!,Ululato di Cratere!,Uivo de Cratera!,,,,陨坑嚎叫！
EABILITY_RAMPAGE_NAME,Rampage!,,¡Desenfreno!,Tout saccager&nbsp;!,Randale!,Furia Distruttiva!,Tumulto!,,,,暴走！
EABILITY_FURY_NAME,Fury,,Furia,Furie,Furie,Furore,Fúria,,,,狂怒
EABILITY_HOTPOKE_NAME,Hot Poke,,Empujón caliente,Pichenette brûlante,Heißer Stich,Pizzico Bollente,Ferro Quente,,,,灼热戳刺
EABILITY_TUMORTHROW_NAME,Tumor Throw,,Lanzamiento de tumor,Lancer tumoral,Tumorwurf,Lancio del Tumore,Lançamento de Tumor,,,,肿瘤投掷
EABILITY_WHISPER_NAME,Whisper,,Susurro,Murmure,Flüstern,Sussurro,Sussurro,,,,低语
EABILITY_TWISTINGFLAMES_NAME,Twisting Flames,,Llamas serpenteantes,Flammes ondulantes,Verdrehte Flammen,Fiamme Torcenti,Chamas Esvoaçantes,,,,扭曲烈焰
EABILITY_TUMORDASH_NAME,Tumor Dash,,Carrera tumoral,Charge tumorale,Tumoransturm,Scatto del Tumore,Impulso de Tumor,,,,肿瘤冲刺
EABILITY_SPITLAVA_NAME,Spit Lava,,Escupitajo de lava,Crachat de lave,Lava spucken,Sputa Lava,Cuspir Lava,,,,喷吐熔岩
EABILITY_ZORP_NAME,Zorp,,Zorp,Zorp,Zorp,Zorp,Zorp,,,,佐普
EABILITY_DETECT_NAME,Detect,,Detección,Détection,Aufspüren,Individuazione,Detecção,,,,探测
EABILITY_SHEILDSUP_NAME,Shields Up,,Escudos listos,Levée de boucliers,Schilde hoch,Scudi +,Escudos Erguidos,,,,护盾启动
EABILITY_ANNIHILASER_NAME,Annihilaser,,Aniquiláser,Annihilaser,Vernichtungslaser,Annichilaser,Aniquilaser,,,,湮灭激光
EABILITY_MDASH_NAME,M-Dash,,Megacarrera,M-Impulsion,M-Ansturm,Scatto-M,Impulso-M,,,,M-冲刺
EABILITY_BEAMIN_NAME,Beam In,,Rayo fuera,Rayon,Reinbeamen,Teletrasporto,Raio Interno,,,,光束传送
EABILITY_MSHEILD_NAME,M-Shield,,Megaescudo,Bouclier-M,M-Schild,Scudo-M,Escudo-M,,,,M-护盾
EABILITY_PRIMEBLAST_NAME,Prime Blast,,Primera explosión,Explosion primordiale,Urknall,Esplosione Primaria,Explosão Primordial,,,,充能爆破
EABILITY_HOWL_NAME,Howl,,Alarido,Hurlement,Heuler,Ululato,Uivar,,,,嚎叫
EABILITY_CHARM_NAME,Charm,,Embrujo,Envoûtement,Charme,Ammaliamento,Feitiço,,,,魅惑
EABILITY_CERBERUBFLUB_NAME,Cerberub Flub,,Pifia de Cerberino,Bourde de cerbère moignon,Zerbussiflups,Flub di Decerbero,Erro de Cerberub,,,,刻耳柏洛斯失误
EABILITY_MAUL_NAME,Maul,,Vapuleo,Mutilation,Zerfleischen,Dilaniamento,Espancamento,,,,猛殴
EABILITY_DEATH_NAME,Death,,Muerte,Mort,Tod,Morte,Morte,,,,死亡
EABILITY_PESTILENCE_NAME,Pestilence,,Pestilencia,Pestilence,Pestilenz,Pestilenza,Pestilência,,,,瘟疫
EABILITY_FAMINE_NAME,Famine,,Hambruna,Famine,Hungersnot,Carestia,Fome,,,,饥荒
EABILITY_WAR_NAME,War,,Guerra,Guerre,Krieg,Guerra,Guerra,,,,战争
EABILITY_LUCIFER_NAME,Lucifer,,Lucifer,Lucifer,Luzifer,Lucifero,Lúcifer,,,,路西法
EABILITY_PENTAGRAM_NAME,Pentagram,,Pentáculo,Pentagramme,Pentagramm,Pentagramma,Pentagrama,,,,五芒星
EABILITY_IMBUE_NAME,Imbue,,Impregnación,Imprégnation,Durchtränken,Infusione,Imbuir,,,,灌注
EABILITY_SHARDSOFICE_NAME,Shards of Ice,,Fragmentos de hielo,Éclats de glace,Eissplitter,Schegge di Ghiaccio,Fragmentos de Gelo,,,,冰刺
EABILITY_SNOW_NAME,Snow,,Nieve,Neige,Schnee,Neve,Neve,,,,降雪
EABILITY_LIGHTNINGDASH_NAME,Lightning Dash,,Carrera relámpago,Charge électrique,Blitzansturm,Scatto Fulmineo,Impulso Elétrico,,,,闪电冲刺
EABILITY_LIGHTNINGSTORM_NAME,Lightning Storm,,Tormenta eléctrica,Tempête d'éclairs,Gewitter,Tempesta di Fulmini,Tempestade de Raios,,,,闪电风暴
EABILITY_QUAKE_NAME,Quake,,Temblor,Séisme,Erdbeben,Terremoto,Terremoto,,,,地震
EABILITY_MOONMANCHARGE_NAME,:O,,:O,:O,:O,:O,:O,,,,:O
EABILITY_CALLFORHELP_NAME,Call for Help,,Llamada de socorro,Appel à l'aide,Hilferuf,Richiesta di Aiuto,Pedido de Ajuda,,,,呼救
EABILITY_FOOGABUNGA_NAME,Fooga Bunga,,Fooga Bunga,Fooga Bunga,Fugga Bunga,Fooga Bunga,Fooga Bunga,,,,富加班加
EABILITY_POUNCE_NAME,Pounce,,Acometida,Bond,Anspringen,Guizzo,Agressão,,,,猛扑
EABILITY_GRUKOOGMOOGA_NAME,Gruk Oog Mooga,,¡Gruk oog mooga!,Gruk Oog Mooga,Gruk Uck Mugga,Gruk Oog Mooga,Gruk Oog Mooga,,,,格鲁克·乌格·穆加
EABILITY_ATOOKTHAGKAT_NAME,Atook Thag Kat,"""attack that cat"" in cave speak",Gato ñamñam,Atak sseu cha,Katza haun,Atak Que Gat,Atook Thag Kat,,,,阿塔克·萨格·卡特
EABILITY_RAOOGFOOBA_NAME,Raoog Fooba,,¡Raoog fooba!,Raoog Fooba,Rauck Fubba,Raoog Fooba,Raoog Fooba,,,,劳格·富巴
EABILITY_ICEBREATH_NAME,Ice Breath,,Aliento de hielo,Souffle de glace,Eisatem,Soffio di Ghiaccio,Hálito de Gelo,,,,冰霜吐息
EABILITY_STAMPEDE_NAME,Stampede,,Estampida,Débandade,Stampede,Stampede,Debandada,,,,狂奔
EABILITY_PUSH_NAME,Push,,Empellón,Poussée,Schubser,Spinta,Empurrão,,,,推开
EABILITY_ROCKTOSS_NAME,Rock Toss,,Lanzamiento de roca,Lancer de pierre,Steinwurf,Lancio di Pietra,Lançar Pedra,,,,投石
EABILITY_BOOGA_NAME,Booga!,,¡Booga!,Booga&nbsp;!,Popl!,Booga!,Booga!,,,,布加！
EABILITY_BLIZZARD_NAME,Blizzard,,Ventisca,Blizzard,Schneesturm,Valanga,Tempestade de Neve,,,,暴风雪
EABILITY_FROSTBREATH_NAME,Frost Breath,,Aliento de escarcha,Souffle de glace,Frostatem,Soffio Gelido,Hálito Gelado,,,,寒霜吐息
EABILITY_PECK_NAME,Peck,,Picoteo,Bise,Pikser,Beccata,Bicada,,,,啄击
EABILITY_BEFEHL_NAME,Befehl,"enemies and their abilities in the ""nazi robot future"" area have Germanglish names (german-english nonsense). These either shouldnt be translated, or you can hybridize them swapping the other language for the english portions (Ex, Überman -> Überhombre).",Befehl,Befehl,Befehl,Befehl,Befehl,,,,指令
EABILITY_LASAGNEFLOPPEN_NAME,Lasagnefloppen,lasagna flop (the enemy looks like garfield),Lasañafloppen,Lasagnefloppen,Lasagnefloppen,Lasagnafloppen,Lasagnefloppen,,,,千层面扑通
EABILITY_FUTUREBOTEXECUTE_NAME,Ausführen,,Ausführen,Ausführen,Hinrichten,Ausführen,Ausführen,,,,执行
EABILITY_BEWEGEN_NAME,Bewegen,,Bewegen,Bewegen,Marschbefehl,Bewegen,Bewegen,,,,移动
EABILITY_BLITZKRIEG_NAME,Blitzkrieg,,Blitzkrieg,Blitzkrieg,Blitzkrieg,Blitzkrieg,Blitzkrieg,,,,闪电战
EABILITY_DUMP_NAME,Dump,,Evacuación,Excrément,Häufchen,Scarica,Despejo,,,,排便
EABILITY_LOOGIE_NAME,Loogie,,Gargajo,Mollard,Rotze,Catarro,Catarro,,,,浓痰
EABILITY_POSSESS_NAME,Possess,,Posesión,Possession,Besitz ergreifen,Possessione,Possuir,,,,附身
EABILITY_REANIMATE_NAME,Reanimate,,Reanimación,Retour à la vie,Reanimation,Rianimazione,Reanimar,,,,复生
EABILITY_PREDICT_NAME,Predict,,Predicción,Prédiction,Vorhersehen,Predizione,Predição,,,,预判
EABILITY_DISABLE_NAME,Disable,,Deshabilitación,Désactivation,Deaktivieren,Disabilitazione,Desabilitar,,,,瘫痪
EABILITY_STOPHITTINGYOURSELF_NAME,Stop Hitting Yourself,,No autolesionarse,Arrête de te taper,"Hör auf, dich selbst zu schlagen",Smettila di Colpirti,Pare de se Bater,,,,别打你自己了
EABILITY_PROTECT_NAME,Protect,,Protección,Protection,Schützen,Protezione,Proteção,,,,保护
EABILITY_CRASH_NAME,Crash,,Colisión,Collision,Absturz,Scontro,Batida,,,,崩溃
EABILITY_HOLYLIGHT_NAME,Holy Light,,Luz sagrada,Lumière sainte,Heiliges Licht,Luce Sacra,Luz Sagrada,,,,圣光
EABILITY_REVIVE_NAME,Revive,,Resucitación,Réanimation,Wiederbeleben,Risuscitazione,Reviver,,,,复活
EABILITY_ALLURE_NAME,Allure,,Atracción,Attrait,Reiz,Fascino,Atração,,,,诱惑
EABILITY_POISONKISS_NAME,Poison Kiss,,Beso venenoso,Baiser empoisonné,Giftkuss,Bacio Avvelenato,Beijo Venenoso,,,,毒吻
EABILITY_HOLYWIND_NAME,Holy Wind,,Viento sagrado,Vent sacré,Heiliger Wind,Vento Sacro,Vento Sagrado,,,,神圣之风
EABILITY_ABSORBSOUL_NAME,Absorb Soul,,Absorción de alma,Absorption d'âme,Seele absorbieren,Assorbimento dell'Anima,Absorver Alma,,,,吸收灵魂
EABILITY_DEFECATE_NAME,Defecate,,Defecación,Défécation,Koten,Defecazione,Defecar,,,,排泄
EABILITY_LEAP_NAME,Leap,,Brinco,Saut,Sprung,Balzo,Salto,,,,飞跃
EABILITY_LIGHTNINGBURST_NAME,Lightning Burst,,Ráfaga de rayos,Explosion électrique,Blitzausbruch,Esplosione di Fulmini,Explosão Elétrica,,,,闪电爆发
EABILITY_BRAMBLESHOT_NAME,Bramble Shot,,Tiro de zarzas,Tir épineux,Dornenschuss,Colpo di Rovi,Disparo de Espinheiro,,,,荆棘射击
,,,,,,,,,,,
,,,,,,,,,,,
,,,,,,,,,,,
,,,,,,,,,,,
,,,,,,,,,,,
,,,,,,,,,,,
,,,,,,,,,,,
,,,,,,,,,,,
,,,,,,,,,,,
,,,,,,,,,,,
,,,,,,,,,,,
,,,,,,,,,,,
,,,,,,,,,,,
,,,,,,,,,,,
,,,,,,,,,,,
,,,,,,,,,,,
,,,,,,,,,,,
,,,,,,,,,,,
,,,,,,,,,,,
,,,,,,,,,,,
,,,,,,,,,,,
,,,,,,,,,,,
,,,,,,,,,,,
,,,,,,,,,,,
,,,,,,,,,,,
,,,,,,,,,,,
,,,,,,,,,,,
,,,,,,,,,,,
,,,,,,,,,,,
,,,,,,,,,,,
,,,,,,,,,,,
,,,,,,,,,,,
,,,,,,,,,,,
,,,,,,,,,,,
,,,,,,,,,,,
,,,,,,,,,,,
,,,,,,,,,,,
,,,,,,,,,,,
,,,,,,,,,,,
,,,,,,,,,,,
,,,,,,,,,,,
,,,,,,,,,,,
,,,,,,,,,,,
,,,,,,,,,,,
,,,,,,,,,,,
,,,,,,,,,,,
,,,,,,,,,,,
,,,,,,,,,,,
,,,,,,,,,,,
,,,,,,,,,,,
,,,,,,,,,,,
,,,,,,,,,,,
,,,,,,,,,,,
,,,,,,,,,,,
,,,,,,,,,,,
,,,,,,,,,,,
,,,,,,,,,,,
,,,,,,,,,,,
,,,,,,,,,,,
,,,,,,,,,,,
,,,,,,,,,,,
,,,,,,,,,,,
,,,,,,,,,,,
,,,,,,,,,,,
,,,,,,,,,,,
,,,,,,,,,,,
,,,,,,,,,,,
,,,,,,,,,,,
,,,,,,,,,,,
,,,,,,,,,,,
,,,,,,,,,,,
,,,,,,,,,,,
,,,,,,,,,,,
,,,,,,,,,,,
,,,,,,,,,,,
,,,,,,,,,,,
,,,,,,,,,,,
,,,,,,,,,,,
,,,,,,,,,,,
,,,,,,,,,,,
,,,,,,,,,,,
,,,,,,,,,,,
,,,,,,,,,,,
,,,,,,,,,,,
,,,,,,,,,,,
,,,,,,,,,,,
,,,,,,,,,,,
,,,,,,,,,,,
,,,,,,,,,,,
,,,,,,,,,,,
,,,,,,,,,,,
,,,,,,,,,,,
,,,,,,,,,,,
,,,,,,,,,,,
,,,,,,,,,,,
,,,,,,,,,,,
,,,,,,,,,,,
,,,,,,,,,,,
,,,,,,,,,,,
,,,,,,,,,,,
,,,,,,,,,,,
,,,,,,,,,,,
,,,,,,,,,,,
,,,,,,,,,,,
,,,,,,,,,,,
,,,,,,,,,,,
,,,,,,,,,,,
,,,,,,,,,,,
,,,,,,,,,,,
,,,,,,,,,,,
,,,,,,,,,,,
,,,,,,,,,,,
,,,,,,,,,,,
,,,,,,,,,,,
,,,,,,,,,,,
,,,,,,,,,,,
,,,,,,,,,,,
,,,,,,,,,,,
,,,,,,,,,,,
,,,,,,,,,,,
,,,,,,,,,,,
,,,,,,,,,,,
,,,,,,,,,,,
,,,,,,,,,,,
,,,,,,,,,,,
,,,,,,,,,,,
,,,,,,,,,,,
,,,,,,,,,,,
,,,,,,,,,,,
,,,,,,,,,,,
,,,,,,,,,,,
,,,,,,,,,,,
,,,,,,,,,,,
,,,,,,,,,,,
,,,,,,,,,,,
,,,,,,,,,,,
,,,,,,,,,,,
,,,,,,,,,,,
,,,,,,,,,,,
,,,,,,,,,,,
,,,,,,,,,,,
,,,,,,,,,,,
,,,,,,,,,,,
,,,,,,,,,,,
,,,,,,,,,,,
,,,,,,,,,,,
,,,,,,,,,,,
,,,,,,,,,,,
,,,,,,,,,,,
,,,,,,,,,,,
,,,,,,,,,,,
,,,,,,,,,,,
,,,,,,,,,,,
,,,,,,,,,,,
,,,,,,,,,,,
,,,,,,,,,,,
,,,,,,,,,,,
,,,,,,,,,,,
,,,,,,,,,,,
,,,,,,,,,,,
,,,,,,,,,,,
,,,,,,,,,,,
,,,,,,,,,,,
,,,,,,,,,,,
,,,,,,,,,,,
,,,,,,,,,,,
,,,,,,,,,,,
,,,,,,,,,,,
,,,,,,,,,,,
,,,,,,,,,,,
,,,,,,,,,,,
,,,,,,,,,,,
,,,,,,,,,,,
,,,,,,,,,,,
,,,,,,,,,,,
,,,,,,,,,,,
,,,,,,,,,,,
,,,,,,,,,,,
,,,,,,,,,,,
,,,,,,,,,,,
,,,,,,,,,,,
,,,,,,,,,,,
,,,,,,,,,,,
,,,,,,,,,,,
,,,,,,,,,,,
,,,,,,,,,,,
,,,,,,,,,,,
,,,,,,,,,,,
,,,,,,,,,,,
,,,,,,,,,,,
,,,,,,,,,,,
,,,,,,,,,,,
,,,,,,,,,,,
,,,,,,,,,,,
,,,,,,,,,,,
,,,,,,,,,,,
,,,,,,,,,,,
,,,,,,,,,,,
,,,,,,,,,,,
,,,,,,,,,,,
,,,,,,,,,,,
,,,,,,,,,,,
,,,,,,,,,,,
,,,,,,,,,,,
,,,,,,,,,,,
,,,,,,,,,,,
,,,,,,,,,,,
,,,,,,,,,,,
,,,,,,,,,,,
,,,,,,,,,,,
,,,,,,,,,,,
,,,,,,,,,,,
,,,,,,,,,,,
,,,,,,,,,,,
,,,,,,,,,,,
,,,,,,,,,,,
,,,,,,,,,,,
,,,,,,,,,,,
,,,,,,,,,,,
,,,,,,,,,,,
,,,,,,,,,,,
,,,,,,,,,,,
,,,,,,,,,,,
,,,,,,,,,,,
,,,,,,,,,,,
,,,,,,,,,,,
,,,,,,,,,,,
,,,,,,,,,,,
,,,,,,,,,,,
,,,,,,,,,,,
,,,,,,,,,,,
,,,,,,,,,,,
,,,,,,,,,,,
,,,,,,,,,,,
,,,,,,,,,,,
,,,,,,,,,,,
,,,,,,,,,,,
,,,,,,,,,,,
,,,,,,,,,,,
,,,,,,,,,,,
,,,,,,,,,,,
,,,,,,,,,,,
,,,,,,,,,,,
,,,,,,,,,,,
,,,,,,,,,,,
,,,,,,,,,,,
,,,,,,,,,,,
,,,,,,,,,,,
,,,,,,,,,,,
,,,,,,,,,,,
,,,,,,,,,,,
,,,,,,,,,,,
,,,,,,,,,,,
,,,,,,,,,,,
,,,,,,,,,,,
,,,,,,,,,,,
,,,,,,,,,,,
,,,,,,,,,,,
,,,,,,,,,,,
,,,,,,,,,,,
,,,,,,,,,,,
,,,,,,,,,,,
,,,,,,,,,,,
,,,,,,,,,,,
,,,,,,,,,,,
,,,,,,,,,,,
,,,,,,,,,,,
,,,,,,,,,,,
,,,,,,,,,,,
,,,,,,,,,,,
,,,,,,,,,,,
,,,,,,,,,,,
,,,,,,,,,,,
,,,,,,,,,,,
,,,,,,,,,,,
,,,,,,,,,,,
,,,,,,,,,,,
,,,,,,,,,,,
,,,,,,,,,,,
,,,,,,,,,,,
,,,,,,,,,,,
,,,,,,,,,,,
,,,,,,,,,,,
,,,,,,,,,,,
,,,,,,,,,,,
,,,,,,,,,,,
,,,,,,,,,,,
,,,,,,,,,,,
,,,,,,,,,,,
,,,,,,,,,,,
,,,,,,,,,,,
,,,,,,,,,,,
,,,,,,,,,,,
,,,,,,,,,,,
,,,,,,,,,,,
,,,,,,,,,,,
,,,,,,,,,,,
,,,,,,,,,,,
,,,,,,,,,,,
,,,,,,,,,,,
,,,,,,,,,,,
,,,,,,,,,,,
,,,,,,,,,,,
,,,,,,,,,,,
,,,,,,,,,,,
,,,,,,,,,,,
,,,,,,,,,,,
,,,,,,,,,,,
,,,,,,,,,,,
,,,,,,,,,,,
,,,,,,,,,,,
,,,,,,,,,,,
,,,,,,,,,,,
,,,,,,,,,,,
,,,,,,,,,,,
,,,,,,,,,,,
,,,,,,,,,,,
,,,,,,,,,,,
,,,,,,,,,,,
,,,,,,,,,,,
,,,,,,,,,,,
,,,,,,,,,,,
,,,,,,,,,,,
,,,,,,,,,,,
,,,,,,,,,,,
,,,,,,,,,,,
,,,,,,,,,,,
,,,,,,,,,,,
,,,,,,,,,,,
,,,,,,,,,,,
,,,,,,,,,,,
,,,,,,,,,,,
,,,,,,,,,,,
,,,,,,,,,,,
,,,,,,,,,,,
,,,,,,,,,,,
,,,,,,,,,,,
,,,,,,,,,,,
,,,,,,,,,,,
,,,,,,,,,,,
,,,,,,,,,,,
,,,,,,,,,,,
,,,,,,,,,,,
,,,,,,,,,,,
,,,,,,,,,,,
,,,,,,,,,,,
,,,,,,,,,,,
,,,,,,,,,,,
,,,,,,,,,,,
,,,,,,,,,,,
,,,,,,,,,,,
,,,,,,,,,,,
,,,,,,,,,,,
,,,,,,,,,,,
,,,,,,,,,,,
,,,,,,,,,,,
,,,,,,,,,,,
,,,,,,,,,,,
,,,,,,,,,,,
,,,,,,,,,,,
,,,,,,,,,,,
,,,,,,,,,,,
,,,,,,,,,,,
,,,,,,,,,,,
,,,,,,,,,,,
,,,,,,,,,,,
,,,,,,,,,,,
,,,,,,,,,,,
,,,,,,,,,,,
,,,,,,,,,,,
,,,,,,,,,,,
,,,,,,,,,,,
,,,,,,,,,,,
,,,,,,,,,,,
,,,,,,,,,,,
,,,,,,,,,,,
,,,,,,,,,,,
,,,,,,,,,,,
,,,,,,,,,,,
,,,,,,,,,,,
,,,,,,,,,,,
,,,,,,,,,,,
,,,,,,,,,,,
,,,,,,,,,,,
,,,,,,,,,,,
,,,,,,,,,,,
,,,,,,,,,,,
,,,,,,,,,,,
,,,,,,,,,,,
,,,,,,,,,,,
,,,,,,,,,,,
,,,,,,,,,,,
,,,,,,,,,,,
,,,,,,,,,,,
,,,,,,,,,,,
,,,,,,,,,,,
,,,,,,,,,,,
,,,,,,,,,,,
,,,,,,,,,,,
,,,,,,,,,,,
,,,,,,,,,,,
,,,,,,,,,,,
,,,,,,,,,,,
,,,,,,,,,,,
,,,,,,,,,,,
,,,,,,,,,,,
,,,,,,,,,,,
,,,,,,,,,,,
,,,,,,,,,,,
,,,,,,,,,,,
,,,,,,,,,,,
,,,,,,,,,,,
,,,,,,,,,,,
,,,,,,,,,,,
,,,,,,,,,,,
,,,,,,,,,,,
,,,,,,,,,,,
,,,,,,,,,,,
,,,,,,,,,,,
,,,,,,,,,,,
,,,,,,,,,,,
,,,,,,,,,,,
,,,,,,,,,,,
,,,,,,,,,,,
,,,,,,,,,,,
,,,,,,,,,,,
,,,,,,,,,,,
,,,,,,,,,,,
,,,,,,,,,,,
,,,,,,,,,,,
,,,,,,,,,,,
,,,,,,,,,,,
,,,,,,,,,,,
,,,,,,,,,,,
,,,,,,,,,,,
,,,,,,,,,,,
,,,,,,,,,,,
,,,,,,,,,,,
,,,,,,,,,,,
,,,,,,,,,,,
,,,,,,,,,,,
,,,,,,,,,,,
,,,,,,,,,,,
,,,,,,,,,,,
,,,,,,,,,,,
,,,,,,,,,,,
,,,,,,,,,,,
,,,,,,,,,,,
,,,,,,,,,,,
,,,,,,,,,,,
,,,,,,,,,,,
,,,,,,,,,,,
,,,,,,,,,,,
,,,,,,,,,,,
,,,,,,,,,,,
,,,,,,,,,,,
,,,,,,,,,,,
,,,,,,,,,,,
,,,,,,,,,,,
,,,,,,,,,,,
,,,,,,,,,,,
,,,,,,,,,,,
,,,,,,,,,,,
,,,,,,,,,,,
,,,,,,,,,,,
,,,,,,,,,,,
,,,,,,,,,,,
,,,,,,,,,,,
,,,,,,,,,,,
,,,,,,,,,,,
,,,,,,,,,,,
,,,,,,,,,,,
,,,,,,,,,,,
,,,,,,,,,,,
,,,,,,,,,,,
,,,,,,,,,,,
,,,,,,,,,,,
,,,,,,,,,,,
,,,,,,,,,,,
,,,,,,,,,,,
,,,,,,,,,,,
,,,,,,,,,,,
,,,,,,,,,,,
,,,,,,,,,,,
,,,,,,,,,,,
,,,,,,,,,,,
,,,,,,,,,,,
,,,,,,,,,,,
,,,,,,,,,,,
,,,,,,,,,,,
,,,,,,,,,,,
,,,,,,,,,,,
,,,,,,,,,,,
,,,,,,,,,,,
,,,,,,,,,,,
,,,,,,,,,,,
,,,,,,,,,,,
,,,,,,,,,,,
,,,,,,,,,,,
,,,,,,,,,,,
,,,,,,,,,,,
,,,,,,,,,,,
,,,,,,,,,,,
,,,,,,,,,,,
,,,,,,,,,,,
,,,,,,,,,,,
,,,,,,,,,,,
,,,,,,,,,,,
,,,,,,,,,,,
,,,,,,,,,,,
,,,,,,,,,,,
,,,,,,,,,,,
,,,,,,,,,,,
,,,,,,,,,,,
,,,,,,,,,,,
,,,,,,,,,,,
,,,,,,,,,,,
,,,,,,,,,,,
,,,,,,,,,,,
,,,,,,,,,,,
,,,,,,,,,,,
,,,,,,,,,,,
,,,,,,,,,,,
,,,,,,,,,,,
,,,,,,,,,,,
,,,,,,,,,,,
,,,,,,,,,,,
,,,,,,,,,,,
,,,,,,,,,,,
,,,,,,,,,,,
,,,,,,,,,,,
,,,,,,,,,,,
,,,,,,,,,,,
,,,,,,,,,,,
,,,,,,,,,,,
,,,,,,,,,,,
,,,,,,,,,,,
,,,,,,,,,,,
,,,,,,,,,,,
,,,,,,,,,,,
,,,,,,,,,,,
,,,,,,,,,,,
,,,,,,,,,,,
,,,,,,,,,,,
,,,,,,,,,,,
,,,,,,,,,,,
,,,,,,,,,,,
,,,,,,,,,,,
,,,,,,,,,,,
,,,,,,,,,,,
,,,,,,,,,,,
,,,,,,,,,,,
,,,,,,,,,,,
,,,,,,,,,,,
,,,,,,,,,,,
,,,,,,,,,,,
,,,,,,,,,,,
,,,,,,,,,,,
,,,,,,,,,,,
,,,,,,,,,,,
,,,,,,,,,,,
,,,,,,,,,,,
,,,,,,,,,,,
,,,,,,,,,,,
,,,,,,,,,,,
,,,,,,,,,,,
,,,,,,,,,,,
,,,,,,,,,,,
,,,,,,,,,,,
,,,,,,,,,,,
,,,,,,,,,,,
,,,,,,,,,,,
,,,,,,,,,,,
,,,,,,,,,,,
,,,,,,,,,,,
,,,,,,,,,,,
,,,,,,,,,,,
,,,,,,,,,,,
,,,,,,,,,,,
,,,,,,,,,,,
,,,,,,,,,,,
,,,,,,,,,,,
,,,,,,,,,,,
,,,,,,,,,,,
,,,,,,,,,,,
,,,,,,,,,,,
,,,,,,,,,,,
,,,,,,,,,,,
,,,,,,,,,,,
,,,,,,,,,,,
,,,,,,,,,,,
,,,,,,,,,,,
,,,,,,,,,,,
,,,,,,,,,,,
,,,,,,,,,,,
,,,,,,,,,,,
,,,,,,,,,,,
,,,,,,,,,,,
,,,,,,,,,,,
,,,,,,,,,,,
,,,,,,,,,,,
,,,,,,,,,,,
,,,,,,,,,,,
,,,,,,,,,,,
,,,,,,,,,,,
,,,,,,,,,,,
,,,,,,,,,,,
,,,,,,,,,,,
,,,,,,,,,,,
,,,,,,,,,,,
,,,,,,,,,,,
,,,,,,,,,,,
,,,,,,,,,,,
,,,,,,,,,,,
,,,,,,,,,,,
,,,,,,,,,,,
,,,,,,,,,,,
,,,,,,,,,,,
,,,,,,,,,,,
,,,,,,,,,,,
,,,,,,,,,,,
,,,,,,,,,,,
,,,,,,,,,,,
,,,,,,,,,,,
,,,,,,,,,,,
,,,,,,,,,,,
,,,,,,,,,,,
,,,,,,,,,,,
,,,,,,,,,,,
,,,,,,,,,,,
,,,,,,,,,,,
,,,,,,,,,,,
,,,,,,,,,,,
,,,,,,,,,,,
,,,,,,,,,,,
,,,,,,,,,,,
,,,,,,,,,,,
,,,,,,,,,,,
,,,,,,,,,,,
,,,,,,,,,,,
,,,,,,,,,,,
,,,,,,,,,,,
,,,,,,,,,,,
,,,,,,,,,,,
,,,,,,,,,,,
,,,,,,,,,,,
,,,,,,,,,,,
,,,,,,,,,,,
,,,,,,,,,,,
,,,,,,,,,,,
,,,,,,,,,,,
,,,,,,,,,,,
,,,,,,,,,,,
,,,,,,,,,,,
,,,,,,,,,,,
,,,,,,,,,,,
,,,,,,,,,,,
,,,,,,,,,,,
,,,,,,,,,,,
,,,,,,,,,,,
,,,,,,,,,,,
,,,,,,,,,,,
,,,,,,,,,,,
,,,,,,,,,,,
,,,,,,,,,,,
,,,,,,,,,,,
,,,,,,,,,,,
,,,,,,,,,,,
,,,,,,,,,,,
,,,,,,,,,,,
,,,,,,,,,,,
,,,,,,,,,,,
,,,,,,,,,,,
,,,,,,,,,,,
,,,,,,,,,,,
,,,,,,,,,,,
,,,,,,,,,,,
,,,,,,,,,,,
,,,,,,,,,,,
,,,,,,,,,,,
,,,,,,,,,,,
,,,,,,,,,,,
,,,,,,,,,,,
,,,,,,,,,,,
,,,,,,,,,,,
,,,,,,,,,,,
,,,,,,,,,,,
,,,,,,,,,,,
,,,,,,,,,,,
,,,,,,,,,,,
,,,,,,,,,,,
,,,,,,,,,,,
,,,,,,,,,,,
,,,,,,,,,,,
,,,,,,,,,,,
,,,,,,,,,,,
,,,,,,,,,,,
,,,,,,,,,,,
,,,,,,,,,,,
,,,,,,,,,,,
,,,,,,,,,,,
,,,,,,,,,,,
,,,,,,,,,,,
,,,,,,,,,,,
,,,,,,,,,,,
,,,,,,,,,,,
,,,,,,,,,,,
,,,,,,,,,,,
,,,,,,,,,,,
,,,,,,,,,,,
,,,,,,,,,,,
,,,,,,,,,,,
,,,,,,,,,,,
,,,,,,,,,,,
,,,,,,,,,,,
,,,,,,,,,,,
,,,,,,,,,,,
,,,,,,,,,,,
,,,,,,,,,,,
,,,,,,,,,,,
,,,,,,,,,,,
,,,,,,,,,,,
,,,,,,,,,,,
,,,,,,,,,,,
,,,,,,,,,,,
,,,,,,,,,,,
,,,,,,,,,,,
,,,,,,,,,,,
,,,,,,,,,,,
,,,,,,,,,,,
,,,,,,,,,,,
,,,,,,,,,,,
,,,,,,,,,,,
,,,,,,,,,,,
,,,,,,,,,,,
,,,,,,,,,,,
,,,,,,,,,,,
,,,,,,,,,,,
,,,,,,,,,,,
,,,,,,,,,,,
,,,,,,,,,,,
,,,,,,,,,,,
,,,,,,,,,,,
,,,,,,,,,,,
,,,,,,,,,,,
,,,,,,,,,,,
,,,,,,,,,,,
,,,,,,,,,,,
,,,,,,,,,,,
,,,,,,,,,,,
,,,,,,,,,,,
,,,,,,,,,,,
,,,,,,,,,,,
,,,,,,,,,,,
,,,,,,,,,,,
,,,,,,,,,,,
,,,,,,,,,,,
,,,,,,,,,,,
,,,,,,,,,,,
,,,,,,,,,,,
,,,,,,,,,,,
,,,,,,,,,,,
,,,,,,,,,,,
,,,,,,,,,,,
,,,,,,,,,,,
,,,,,,,,,,,
,,,,,,,,,,,
,,,,,,,,,,,
,,,,,,,,,,,
,,,,,,,,,,,
,,,,,,,,,,,
,,,,,,,,,,,
,,,,,,,,,,,
,,,,,,,,,,,
,,,,,,,,,,,
,,,,,,,,,,,
,,,,,,,,,,,
,,,,,,,,,,,
,,,,,,,,,,,
,,,,,,,,,,,
,,,,,,,,,,,
,,,,,,,,,,,
,,,,,,,,,,,
,,,,,,,,,,,
,,,,,,,,,,,
,,,,,,,,,,,
,,,,,,,,,,,
,,,,,,,,,,,
,,,,,,,,,,,
,,,,,,,,,,,
,,,,,,,,,,,
,,,,,,,,,,,
,,,,,,,,,,,
,,,,,,,,,,,
,,,,,,,,,,,
,,,,,,,,,,,
,,,,,,,,,,,
,,,,,,,,,,,
,,,,,,,,,,,
,,,,,,,,,,,
,,,,,,,,,,,
,,,,,,,,,,,
,,,,,,,,,,,
,,,,,,,,,,,
,,,,,,,,,,,
,,,,,,,,,,,
,,,,,,,,,,,
,,,,,,,,,,,
,,,,,,,,,,,
,,,,,,,,,,,
,,,,,,,,,,,
,,,,,,,,,,,
,,,,,,,,,,,
,,,,,,,,,,,
,,,,,,,,,,,
,,,,,,,,,,,
,,,,,,,,,,,
,,,,,,,,,,,
,,,,,,,,,,,
,,,,,,,,,,,
,,,,,,,,,,,
,,,,,,,,,,,
,,,,,,,,,,,
,,,,,,,,,,,
,,,,,,,,,,,
,,,,,,,,,,,
,,,,,,,,,,,
,,,,,,,,,,,
,,,,,,,,,,,
,,,,,,,,,,,
,,,,,,,,,,,
,,,,,,,,,,,
,,,,,,,,,,,
,,,,,,,,,,,
,,,,,,,,,,,
,,,,,,,,,,,
,,,,,,,,,,,
,,,,,,,,,,,
,,,,,,,,,,,
,,,,,,,,,,,
,,,,,,,,,,,
,,,,,,,,,,,
,,,,,,,,,,,
,,,,,,,,,,,
,,,,,,,,,,,
,,,,,,,,,,,
,,,,,,,,,,,
,,,,,,,,,,,
,,,,,,,,,,,
,,,,,,,,,,,
,,,,,,,,,,,
,,,,,,,,,,,
,,,,,,,,,,,
,,,,,,,,,,,
,,,,,,,,,,,
,,,,,,,,,,,
,,,,,,,,,,,
,,,,,,,,,,,
,,,,,,,,,,,
,,,,,,,,,,,
,,,,,,,,,,,
,,,,,,,,,,,
,,,,,,,,,,,
,,,,,,,,,,,
,,,,,,,,,,,
,,,,,,,,,,,
,,,,,,,,,,,
,,,,,,,,,,,
,,,,,,,,,,,
,,,,,,,,,,,
,,,,,,,,,,,
,,,,,,,,,,,
,,,,,,,,,,,
,,,,,,,,,,,
,,,,,,,,,,,
,,,,,,,,,,,
,,,,,,,,,,,
,,,,,,,,,,,
,,,,,,,,,,,
,,,,,,,,,,,
,,,,,,,,,,,
,,,,,,,,,,,
,,,,,,,,,,,
,,,,,,,,,,,
,,,,,,,,,,,
,,,,,,,,,,,
,,,,,,,,,,,
,,,,,,,,,,,
,,,,,,,,,,,
,,,,,,,,,,,
,,,,,,,,,,,
,,,,,,,,,,,
,,,,,,,,,,,
,,,,,,,,,,,
,,,,,,,,,,,
,,,,,,,,,,,
,,,,,,,,,,,
,,,,,,,,,,,
,,,,,,,,,,,
,,,,,,,,,,,
,,,,,,,,,,,
,,,,,,,,,,,
,,,,,,,,,,,
,,,,,,,,,,,
,,,,,,,,,,,
,,,,,,,,,,,
,,,,,,,,,,,
,,,,,,,,,,,
,,,,,,,,,,,
,,,,,,,,,,,
,,,,,,,,,,,
,,,,,,,,,,,
,,,,,,,,,,,
,,,,,,,,,,,
,,,,,,,,,,,
,,,,,,,,,,,
,,,,,,,,,,,
,,,,,,,,,,,
,,,,,,,,,,,
,,,,,,,,,,,
,,,,,,,,,,,
,,,,,,,,,,,
,,,,,,,,,,,
,,,,,,,,,,,
,,,,,,,,,,,
,,,,,,,,,,,
,,,,,,,,,,,
,,,,,,,,,,,
,,,,,,,,,,,
,,,,,,,,,,,
,,,,,,,,,,,
,,,,,,,,,,,
,,,,,,,,,,,
,,,,,,,,,,,
,,,,,,,,,,,
,,,,,,,,,,,
,,,,,,,,,,,
,,,,,,,,,,,
,,,,,,,,,,,
,,,,,,,,,,,
,,,,,,,,,,,
,,,,,,,,,,,
,,,,,,,,,,,
,,,,,,,,,,,
,,,,,,,,,,,
,,,,,,,,,,,
,,,,,,,,,,,
,,,,,,,,,,,
,,,,,,,,,,,
,,,,,,,,,,,
,,,,,,,,,,,
,,,,,,,,,,,
,,,,,,,,,,,
,,,,,,,,,,,
,,,,,,,,,,,
,,,,,,,,,,,
,,,,,,,,,,,
,,,,,,,,,,,
,,,,,,,,,,,
,,,,,,,,,,,
,,,,,,,,,,,
,,,,,,,,,,,
,,,,,,,,,,,
,,,,,,,,,,,
,,,,,,,,,,,
,,,,,,,,,,,
,,,,,,,,,,,
,,,,,,,,,,,
,,,,,,,,,,,
,,,,,,,,,,,
,,,,,,,,,,,
,,,,,,,,,,,
,,,,,,,,,,,
,,,,,,,,,,,
,,,,,,,,,,,
,,,,,,,,,,,
,,,,,,,,,,,
,,,,,,,,,,,
,,,,,,,,,,,
,,,,,,,,,,,
,,,,,,,,,,,
,,,,,,,,,,,
,,,,,,,,,,,
,,,,,,,,,,,
,,,,,,,,,,,
,,,,,,,,,,,
,,,,,,,,,,,
,,,,,,,,,,,
,,,,,,,,,,,
,,,,,,,,,,,
,,,,,,,,,,,
,,,,,,,,,,,
,,,,,,,,,,,
,,,,,,,,,,,
,,,,,,,,,,,
,,,,,,,,,,,
,,,,,,,,,,,
,,,,,,,,,,,
,,,,,,,,,,,
,,,,,,,,,,,
,,,,,,,,,,,
,,,,,,,,,,,
,,,,,,,,,,,
,,,,,,,,,,,
,,,,,,,,,,,
,,,,,,,,,,,
,,,,,,,,,,,
,,,,,,,,,,,
,,,,,,,,,,,
,,,,,,,,,,,
,,,,,,,,,,,
,,,,,,,,,,,
,,,,,,,,,,,
,,,,,,,,,,,
,,,,,,,,,,,
,,,,,,,,,,,
,,,,,,,,,,,
,,,,,,,,,,,
,,,,,,,,,,,
,,,,,,,,,,,
,,,,,,,,,,,
,,,,,,,,,,,
,,,,,,,,,,,
,,,,,,,,,,,
,,,,,,,,,,,
,,,,,,,,,,,
,,,,,,,,,,,
,,,,,,,,,,,
,,,,,,,,,,,
,,,,,,,,,,,
,,,,,,,,,,,
,,,,,,,,,,,
,,,,,,,,,,,
,,,,,,,,,,,
,,,,,,,,,,,
,,,,,,,,,,,
,,,,,,,,,,,
,,,,,,,,,,,
,,,,,,,,,,,
,,,,,,,,,,,
,,,,,,,,,,,
,,,,,,,,,,,
,,,,,,,,,,,
,,,,,,,,,,,
,,,,,,,,,,,
,,,,,,,,,,,
,,,,,,,,,,,
,,,,,,,,,,,
,,,,,,,,,,,
,,,,,,,,,,,
,,,,,,,,,,,
,,,,,,,,,,,
,,,,,,,,,,,
,,,,,,,,,,,
,,,,,,,,,,,
,,,,,,,,,,,
,,,,,,,,,,,
,,,,,,,,,,,
,,,,,,,,,,,
,,,,,,,,,,,
,,,,,,,,,,,
,,,,,,,,,,,
,,,,,,,,,,,
,,,,,,,,,,,
,,,,,,,,,,,
,,,,,,,,,,,
,,,,,,,,,,,
,,,,,,,,,,,
,,,,,,,,,,,
,,,,,,,,,,,
,,,,,,,,,,,
,,,,,,,,,,,
,,,,,,,,,,,
,,,,,,,,,,,
,,,,,,,,,,,
,,,,,,,,,,,
,,,,,,,,,,,
,,,,,,,,,,,
,,,,,,,,,,,
,,,,,,,,,,,
,,,,,,,,,,,
,,,,,,,,,,,
,,,,,,,,,,,
,,,,,,,,,,,
,,,,,,,,,,,
,,,,,,,,,,,
,,,,,,,,,,,
,,,,,,,,,,,
,,,,,,,,,,,
,,,,,,,,,,,
,,,,,,,,,,,
,,,,,,,,,,,
,,,,,,,,,,,
,,,,,,,,,,,
,,,,,,,,,,,
,,,,,,,,,,,
,,,,,,,,,,,
,,,,,,,,,,,
,,,,,,,,,,,
,,,,,,,,,,,
,,,,,,,,,,,
,,,,,,,,,,,
,,,,,,,,,,,
,,,,,,,,,,,
,,,,,,,,,,,
,,,,,,,,,,,
,,,,,,,,,,,
,,,,,,,,,,,
,,,,,,,,,,,
,,,,,,,,,,,
,,,,,,,,,,,
,,,,,,,,,,,
,,,,,,,,,,,
,,,,,,,,,,,
,,,,,,,,,,,
,,,,,,,,,,,
,,,,,,,,,,,
,,,,,,,,,,,
,,,,,,,,,,,
,,,,,,,,,,,
,,,,,,,,,,,
,,,,,,,,,,,
,,,,,,,,,,,
,,,,,,,,,,,
,,,,,,,,,,,
,,,,,,,,,,,
,,,,,,,,,,,
,,,,,,,,,,,
,,,,,,,,,,,
,,,,,,,,,,,
,,,,,,,,,,,
,,,,,,,,,,,
,,,,,,,,,,,
,,,,,,,,,,,
,,,,,,,,,,,
,,,,,,,,,,,
,,,,,,,,,,,
,,,,,,,,,,,
,,,,,,,,,,,
,,,,,,,,,,,
,,,,,,,,,,,
,,,,,,,,,,,
,,,,,,,,,,,
,,,,,,,,,,,
,,,,,,,,,,,
,,,,,,,,,,,
,,,,,,,,,,,
,,,,,,,,,,,
,,,,,,,,,,,
,,,,,,,,,,,
,,,,,,,,,,,
,,,,,,,,,,,
,,,,,,,,,,,
,,,,,,,,,,,
,,,,,,,,,,,
,,,,,,,,,,,
,,,,,,,,,,,
,,,,,,,,,,,
,,,,,,,,,,,
,,,,,,,,,,,
,,,,,,,,,,,
,,,,,,,,,,,
,,,,,,,,,,,
,,,,,,,,,,,
,,,,,,,,,,,
,,,,,,,,,,,
,,,,,,,,,,,
,,,,,,,,,,,
,,,,,,,,,,,
,,,,,,,,,,,
,,,,,,,,,,,
,,,,,,,,,,,
,,,,,,,,,,,
,,,,,,,,,,,
,,,,,,,,,,,
,,,,,,,,,,,
,,,,,,,,,,,
,,,,,,,,,,,
,,,,,,,,,,,
,,,,,,,,,,,
,,,,,,,,,,,
,,,,,,,,,,,
,,,,,,,,,,,
,,,,,,,,,,,
,,,,,,,,,,,
,,,,,,,,,,,
,,,,,,,,,,,
,,,,,,,,,,,
,,,,,,,,,,,
,,,,,,,,,,,
,,,,,,,,,,,
,,,,,,,,,,,
,,,,,,,,,,,
,,,,,,,,,,,
,,,,,,,,,,,
,,,,,,,,,,,
,,,,,,,,,,,
,,,,,,,,,,,
,,,,,,,,,,,
,,,,,,,,,,,
,,,,,,,,,,,
,,,,,,,,,,,
,,,,,,,,,,,
,,,,,,,,,,,
,,,,,,,,,,,
,,,,,,,,,,,
,,,,,,,,,,,
,,,,,,,,,,,
,,,,,,,,,,,
,,,,,,,,,,,
,,,,,,,,,,,
,,,,,,,,,,,
,,,,,,,,,,,
,,,,,,,,,,,
,,,,,,,,,,,
,,,,,,,,,,,
,,,,,,,,,,,
,,,,,,,,,,,
,,,,,,,,,,,
,,,,,,,,,,,
,,,,,,,,,,,
,,,,,,,,,,,
,,,,,,,,,,,
,,,,,,,,,,,
,,,,,,,,,,,
,,,,,,,,,,,
,,,,,,,,,,,
,,,,,,,,,,,
,,,,,,,,,,,
,,,,,,,,,,,
,,,,,,,,,,,
,,,,,,,,,,,
,,,,,,,,,,,
,,,,,,,,,,,
,,,,,,,,,,,
,,,,,,,,,,,
,,,,,,,,,,,
,,,,,,,,,,,
,,,,,,,,,,,
,,,,,,,,,,,
,,,,,,,,,,,
,,,,,,,,,,,
,,,,,,,,,,,
,,,,,,,,,,,
,,,,,,,,,,,
,,,,,,,,,,,
,,,,,,,,,,,
,,,,,,,,,,,
,,,,,,,,,,,
,,,,,,,,,,,
,,,,,,,,,,,
,,,,,,,,,,,
,,,,,,,,,,,
,,,,,,,,,,,
,,,,,,,,,,,
,,,,,,,,,,,
,,,,,,,,,,,
,,,,,,,,,,,
,,,,,,,,,,,
,,,,,,,,,,,
,,,,,,,,,,,
,,,,,,,,,,,
,,,,,,,,,,,
,,,,,,,,,,,
,,,,,,,,,,,
,,,,,,,,,,,
,,,,,,,,,,,
,,,,,,,,,,,
,,,,,,,,,,,
,,,,,,,,,,,
,,,,,,,,,,,
,,,,,,,,,,,
,,,,,,,,,,,
,,,,,,,,,,,
,,,,,,,,,,,
,,,,,,,,,,,
,,,,,,,,,,,
,,,,,,,,,,,
,,,,,,,,,,,
,,,,,,,,,,,
,,,,,,,,,,,
,,,,,,,,,,,
,,,,,,,,,,,
,,,,,,,,,,,
,,,,,,,,,,,
,,,,,,,,,,,
,,,,,,,,,,,
,,,,,,,,,,,
,,,,,,,,,,,
,,,,,,,,,,,
,,,,,,,,,,,
,,,,,,,,,,,
,,,,,,,,,,,
,,,,,,,,,,,
,,,,,,,,,,,
,,,,,,,,,,,
,,,,,,,,,,,
,,,,,,,,,,,
,,,,,,,,,,,
,,,,,,,,,,,
,,,,,,,,,,,
,,,,,,,,,,,
,,,,,,,,,,,
,,,,,,,,,,,
,,,,,,,,,,,
,,,,,,,,,,,
,,,,,,,,,,,
,,,,,,,,,,,
,,,,,,,,,,,
,,,,,,,,,,,
,,,,,,,,,,,
,,,,,,,,,,,
,,,,,,,,,,,
,,,,,,,,,,,
,,,,,,,,,,,
,,,,,,,,,,,
,,,,,,,,,,,
,,,,,,,,,,,
,,,,,,,,,,,
,,,,,,,,,,,
,,,,,,,,,,,
,,,,,,,,,,,
,,,,,,,,,,,
,,,,,,,,,,,
,,,,,,,,,,,
,,,,,,,,,,,
,,,,,,,,,,,
,,,,,,,,,,,
,,,,,,,,,,,
,,,,,,,,,,,
,,,,,,,,,,,
,,,,,,,,,,,
,,,,,,,,,,,
,,,,,,,,,,,
,,,,,,,,,,,
,,,,,,,,,,,
,,,,,,,,,,,
,,,,,,,,,,,
,,,,,,,,,,,
,,,,,,,,,,,
,,,,,,,,,,,
,,,,,,,,,,,
,,,,,,,,,,,
,,,,,,,,,,,
,,,,,,,,,,,
,,,,,,,,,,,
,,,,,,,,,,,
,,,,,,,,,,,
,,,,,,,,,,,
,,,,,,,,,,,
,,,,,,,,,,,
,,,,,,,,,,,
,,,,,,,,,,,
,,,,,,,,,,,
,,,,,,,,,,,
,,,,,,,,,,,
,,,,,,,,,,,
,,,,,,,,,,,
,,,,,,,,,,,
,,,,,,,,,,,
,,,,,,,,,,,
,,,,,,,,,,,
,,,,,,,,,,,
,,,,,,,,,,,
,,,,,,,,,,,
,,,,,,,,,,,
,,,,,,,,,,,
,,,,,,,,,,,
,,,,,,,,,,,
,,,,,,,,,,,
,,,,,,,,,,,
,,,,,,,,,,,
,,,,,,,,,,,
,,,,,,,,,,,
,,,,,,,,,,,
,,,,,,,,,,,
,,,,,,,,,,,
,,,,,,,,,,,
,,,,,,,,,,,
,,,,,,,,,,,
,,,,,,,,,,,
,,,,,,,,,,,
,,,,,,,,,,,
,,,,,,,,,,,
,,,,,,,,,,,
,,,,,,,,,,,
,,,,,,,,,,,
,,,,,,,,,,,
,,,,,,,,,,,
,,,,,,,,,,,
,,,,,,,,,,,
,,,,,,,,,,,
,,,,,,,,,,,
,,,,,,,,,,,
,,,,,,,,,,,
,,,,,,,,,,,
,,,,,,,,,,,
,,,,,,,,,,,
,,,,,,,,,,,
,,,,,,,,,,,
,,,,,,,,,,,
,,,,,,,,,,,
,,,,,,,,,,,
,,,,,,,,,,,
,,,,,,,,,,,
,,,,,,,,,,,
,,,,,,,,,,,
,,,,,,,,,,,
,,,,,,,,,,,
,,,,,,,,,,,
,,,,,,,,,,,
,,,,,,,,,,,
,,,,,,,,,,,
,,,,,,,,,,,
,,,,,,,,,,,
,,,,,,,,,,,
,,,,,,,,,,,
,,,,,,,,,,,
,,,,,,,,,,,
,,,,,,,,,,,
,,,,,,,,,,,
,,,,,,,,,,,
,,,,,,,,,,,
,,,,,,,,,,,
,,,,,,,,,,,
,,,,,,,,,,,
,,,,,,,,,,,
,,,,,,,,,,,
,,,,,,,,,,,
,,,,,,,,,,,
,,,,,,,,,,,
,,,,,,,,,,,
,,,,,,,,,,,
,,,,,,,,,,,
,,,,,,,,,,,
,,,,,,,,,,,
,,,,,,,,,,,
,,,,,,,,,,,
,,,,,,,,,,,
,,,,,,,,,,,
,,,,,,,,,,,
,,,,,,,,,,,
,,,,,,,,,,,
,,,,,,,,,,,
,,,,,,,,,,,
,,,,,,,,,,,
,,,,,,,,,,,
,,,,,,,,,,,
,,,,,,,,,,,
,,,,,,,,,,,
,,,,,,,,,,,
,,,,,,,,,,,
,,,,,,,,,,,
,,,,,,,,,,,
,,,,,,,,,,,
,,,,,,,,,,,
,,,,,,,,,,,
,,,,,,,,,,,
,,,,,,,,,,,
,,,,,,,,,,,
,,,,,,,,,,,
,,,,,,,,,,,
,,,,,,,,,,,
,,,,,,,,,,,
,,,,,,,,,,,
,,,,,,,,,,,
,,,,,,,,,,,
,,,,,,,,,,,
,,,,,,,,,,,
,,,,,,,,,,,
,,,,,,,,,,,
,,,,,,,,,,,
,,,,,,,,,,,
,,,,,,,,,,,
,,,,,,,,,,,
,,,,,,,,,,,
,,,,,,,,,,,
,,,,,,,,,,,
,,,,,,,,,,,
,,,,,,,,,,,
,,,,,,,,,,,
,,,,,,,,,,,
,,,,,,,,,,,
,,,,,,,,,,,
,,,,,,,,,,,
,,,,,,,,,,,
,,,,,,,,,,,
,,,,,,,,,,,
,,,,,,,,,,,
,,,,,,,,,,,
,,,,,,,,,,,
,,,,,,,,,,,
,,,,,,,,,,,
,,,,,,,,,,,
,,,,,,,,,,,
,,,,,,,,,,,
,,,,,,,,,,,
,,,,,,,,,,,
,,,,,,,,,,,
,,,,,,,,,,,
,,,,,,,,,,,
,,,,,,,,,,,
,,,,,,,,,,,
,,,,,,,,,,,
,,,,,,,,,,,
,,,,,,,,,,,
,,,,,,,,,,,
,,,,,,,,,,,
,,,,,,,,,,,
,,,,,,,,,,,
,,,,,,,,,,,
,,,,,,,,,,,
,,,,,,,,,,,
,,,,,,,,,,,
,,,,,,,,,,,
,,,,,,,,,,,
,,,,,,,,,,,
,,,,,,,,,,,
,,,,,,,,,,,
,,,,,,,,,,,
,,,,,,,,,,,
,,,,,,,,,,,
,,,,,,,,,,,
,,,,,,,,,,,
,,,,,,,,,,,
,,,,,,,,,,,
,,,,,,,,,,,
,,,,,,,,,,,
,,,,,,,,,,,
,,,,,,,,,,,
,,,,,,,,,,,
,,,,,,,,,,,
,,,,,,,,,,,
,,,,,,,,,,,
,,,,,,,,,,,
,,,,,,,,,,,
,,,,,,,,,,,
,,,,,,,,,,,
,,,,,,,,,,,
,,,,,,,,,,,
,,,,,,,,,,,
,,,,,,,,,,,
,,,,,,,,,,,
,,,,,,,,,,,
,,,,,,,,,,,
,,,,,,,,,,,
,,,,,,,,,,,
,,,,,,,,,,,
,,,,,,,,,,,
,,,,,,,,,,,
,,,,,,,,,,,
,,,,,,,,,,,
,,,,,,,,,,,
,,,,,,,,,,,
,,,,,,,,,,,
,,,,,,,,,,,
,,,,,,,,,,,
,,,,,,,,,,,
,,,,,,,,,,,
,,,,,,,,,,,
,,,,,,,,,,,
,,,,,,,,,,,
,,,,,,,,,,,
,,,,,,,,,,,
,,,,,,,,,,,
,,,,,,,,,,,
,,,,,,,,,,,
,,,,,,,,,,,
,,,,,,,,,,,
,,,,,,,,,,,
,,,,,,,,,,,
,,,,,,,,,,,
,,,,,,,,,,,
,,,,,,,,,,,
,,,,,,,,,,,
,,,,,,,,,,,
,,,,,,,,,,,
,,,,,,,,,,,
,,,,,,,,,,,
,,,,,,,,,,,
,,,,,,,,,,,
,,,,,,,,,,,
,,,,,,,,,,,
,,,,,,,,,,,
,,,,,,,,,,,
,,,,,,,,,,,
,,,,,,,,,,,
,,,,,,,,,,,
,,,,,,,,,,,
,,,,,,,,,,,
,,,,,,,,,,,
,,,,,,,,,,,
,,,,,,,,,,,
,,,,,,,,,,,
,,,,,,,,,,,
,,,,,,,,,,,
,,,,,,,,,,,
,,,,,,,,,,,
,,,,,,,,,,,
,,,,,,,,,,,
,,,,,,,,,,,
,,,,,,,,,,,
,,,,,,,,,,,
,,,,,,,,,,,
,,,,,,,,,,,
,,,,,,,,,,,
,,,,,,,,,,,
,,,,,,,,,,,
,,,,,,,,,,,
,,,,,,,,,,,
,,,,,,,,,,,
,,,,,,,,,,,
,,,,,,,,,,,
,,,,,,,,,,,
,,,,,,,,,,,
,,,,,,,,,,,
,,,,,,,,,,,
,,,,,,,,,,,
,,,,,,,,,,,
,,,,,,,,,,,
,,,,,,,,,,,
,,,,,,,,,,,
,,,,,,,,,,,
,,,,,,,,,,,
,,,,,,,,,,,
,,,,,,,,,,,
,,,,,,,,,,,
,,,,,,,,,,,
,,,,,,,,,,,
,,,,,,,,,,,
,,,,,,,,,,,
,,,,,,,,,,,
,,,,,,,,,,,
,,,,,,,,,,,
,,,,,,,,,,,
,,,,,,,,,,,
,,,,,,,,,,,
,,,,,,,,,,,
,,,,,,,,,,,
,,,,,,,,,,,
,,,,,,,,,,,
,,,,,,,,,,,
,,,,,,,,,,,
,,,,,,,,,,,
,,,,,,,,,,,
,,,,,,,,,,,
,,,,,,,,,,,
,,,,,,,,,,,
,,,,,,,,,,,
,,,,,,,,,,,
,,,,,,,,,,,
,,,,,,,,,,,
,,,,,,,,,,,
,,,,,,,,,,,
,,,,,,,,,,,
,,,,,,,,,,,
,,,,,,,,,,,
,,,,,,,,,,,
,,,,,,,,,,,
,,,,,,,,,,,
,,,,,,,,,,,
,,,,,,,,,,,
,,,,,,,,,,,
,,,,,,,,,,,
,,,,,,,,,,,
,,,,,,,,,,,
,,,,,,,,,,,
,,,,,,,,,,,
,,,,,,,,,,,
,,,,,,,,,,,
,,,,,,,,,,,
,,,,,,,,,,,
,,,,,,,,,,,
,,,,,,,,,,,
,,,,,,,,,,,
,,,,,,,,,,,
,,,,,,,,,,,
,,,,,,,,,,,
,,,,,,,,,,,
,,,,,,,,,,,
,,,,,,,,,,,
,,,,,,,,,,,
,,,,,,,,,,,
,,,,,,,,,,,
,,,,,,,,,,,
,,,,,,,,,,,
,,,,,,,,,,,
,,,,,,,,,,,
,,,,,,,,,,,
,,,,,,,,,,,
,,,,,,,,,,,
,,,,,,,,,,,
,,,,,,,,,,,
,,,,,,,,,,,
,,,,,,,,,,,
,,,,,,,,,,,
,,,,,,,,,,,
,,,,,,,,,,,
,,,,,,,,,,,
,,,,,,,,,,,
,,,,,,,,,,,
,,,,,,,,,,,
,,,,,,,,,,,
,,,,,,,,,,,
,,,,,,,,,,,
,,,,,,,,,,,
,,,,,,,,,,,
,,,,,,,,,,,
,,,,,,,,,,,
,,,,,,,,,,,
,,,,,,,,,,,
,,,,,,,,,,,
,,,,,,,,,,,
,,,,,,,,,,,
,,,,,,,,,,,
,,,,,,,,,,,
,,,,,,,,,,,
,,,,,,,,,,,
,,,,,,,,,,,
,,,,,,,,,,,
,,,,,,,,,,,
,,,,,,,,,,,
,,,,,,,,,,,
,,,,,,,,,,,
,,,,,,,,,,,
,,,,,,,,,,,
,,,,,,,,,,,
,,,,,,,,,,,
,,,,,,,,,,,
,,,,,,,,,,,
,,,,,,,,,,,
,,,,,,,,,,,
,,,,,,,,,,,
,,,,,,,,,,,
,,,,,,,,,,,
,,,,,,,,,,,
,,,,,,,,,,,
,,,,,,,,,,,
,,,,,,,,,,,
,,,,,,,,,,,
,,,,,,,,,,,
,,,,,,,,,,,
,,,,,,,,,,,
,,,,,,,,,,,
,,,,,,,,,,,
,,,,,,,,,,,
,,,,,,,,,,,
,,,,,,,,,,,
,,,,,,,,,,,
,,,,,,,,,,,
,,,,,,,,,,,
,,,,,,,,,,,
,,,,,,,,,,,
,,,,,,,,,,,
,,,,,,,,,,,
,,,,,,,,,,,
,,,,,,,,,,,
,,,,,,,,,,,
,,,,,,,,,,,
,,,,,,,,,,,
,,,,,,,,,,,
,,,,,,,,,,,
,,,,,,,,,,,
,,,,,,,,,,,
,,,,,,,,,,,
,,,,,,,,,,,
,,,,,,,,,,,
,,,,,,,,,,,
,,,,,,,,,,,
,,,,,,,,,,,
,,,,,,,,,,,
,,,,,,,,,,,
,,,,,,,,,,,
,,,,,,,,,,,
,,,,,,,,,,,
,,,,,,,,,,,
,,,,,,,,,,,
,,,,,,,,,,,
,,,,,,,,,,,
,,,,,,,,,,,
,,,,,,,,,,,
,,,,,,,,,,,
,,,,,,,,,,,
,,,,,,,,,,,
,,,,,,,,,,,
,,,,,,,,,,,
,,,,,,,,,,,
,,,,,,,,,,,
,,,,,,,,,,,
,,,,,,,,,,,
,,,,,,,,,,,
,,,,,,,,,,,
,,,,,,,,,,,
,,,,,,,,,,,
,,,,,,,,,,,
,,,,,,,,,,,
,,,,,,,,,,,
,,,,,,,,,,,
,,,,,,,,,,,
,,,,,,,,,,,
,,,,,,,,,,,
,,,,,,,,,,,
,,,,,,,,,,,
,,,,,,,,,,,
,,,,,,,,,,,
,,,,,,,,,,,
,,,,,,,,,,,
,,,,,,,,,,,
,,,,,,,,,,,
,,,,,,,,,,,
,,,,,,,,,,,
,,,,,,,,,,,
,,,,,,,,,,,
,,,,,,,,,,,
,,,,,,,,,,,
,,,,,,,,,,,
,,,,,,,,,,,
,,,,,,,,,,,
,,,,,,,,,,,
,,,,,,,,,,,
,,,,,,,,,,,
,,,,,,,,,,,
,,,,,,,,,,,
,,,,,,,,,,,
,,,,,,,,,,,
,,,,,,,,,,,
,,,,,,,,,,,
,,,,,,,,,,,
,,,,,,,,,,,
,,,,,,,,,,,
,,,,,,,,,,,
,,,,,,,,,,,
,,,,,,,,,,,
,,,,,,,,,,,
,,,,,,,,,,,
,,,,,,,,,,,
,,,,,,,,,,,
,,,,,,,,,,,
,,,,,,,,,,,
,,,,,,,,,,,
,,,,,,,,,,,
,,,,,,,,,,,
,,,,,,,,,,,
,,,,,,,,,,,
,,,,,,,,,,,
,,,,,,,,,,,
,,,,,,,,,,,
,,,,,,,,,,,
,,,,,,,,,,,
,,,,,,,,,,,
,,,,,,,,,,,
,,,,,,,,,,,
,,,,,,,,,,,
,,,,,,,,,,,
,,,,,,,,,,,
,,,,,,,,,,,
,,,,,,,,,,,
,,,,,,,,,,,
,,,,,,,,,,,
,,,,,,,,,,,
,,,,,,,,,,,
,,,,,,,,,,,
,,,,,,,,,,,
,,,,,,,,,,,
,,,,,,,,,,,
,,,,,,,,,,,
,,,,,,,,,,,
,,,,,,,,,,,
,,,,,,,,,,,
,,,,,,,,,,,
,,,,,,,,,,,
,,,,,,,,,,,
,,,,,,,,,,,
,,,,,,,,,,,
,,,,,,,,,,,
,,,,,,,,,,,
,,,,,,,,,,,
,,,,,,,,,,,
,,,,,,,,,,,
,,,,,,,,,,,
,,,,,,,,,,,
,,,,,,,,,,,
,,,,,,,,,,,
,,,,,,,,,,,
,,,,,,,,,,,
,,,,,,,,,,,
,,,,,,,,,,,
,,,,,,,,,,,
,,,,,,,,,,,
,,,,,,,,,,,
,,,,,,,,,,,
,,,,,,,,,,,
,,,,,,,,,,,
,,,,,,,,,,,
,,,,,,,,,,,
,,,,,,,,,,,
,,,,,,,,,,,
,,,,,,,,,,,
,,,,,,,,,,,
,,,,,,,,,,,
,,,,,,,,,,,
,,,,,,,,,,,
,,,,,,,,,,,
,,,,,,,,,,,
,,,,,,,,,,,
,,,,,,,,,,,
,,,,,,,,,,,
,,,,,,,,,,,
,,,,,,,,,,,
,,,,,,,,,,,
,,,,,,,,,,,
,,,,,,,,,,,
,,,,,,,,,,,
,,,,,,,,,,,
,,,,,,,,,,,
,,,,,,,,,,,
,,,,,,,,,,,
,,,,,,,,,,,
,,,,,,,,,,,
,,,,,,,,,,,
,,,,,,,,,,,
,,,,,,,,,,,
,,,,,,,,,,,
,,,,,,,,,,,
,,,,,,,,,,,
,,,,,,,,,,,
,,,,,,,,,,,
,,,,,,,,,,,
,,,,,,,,,,,
,,,,,,,,,,,
,,,,,,,,,,,
,,,,,,,,,,,
,,,,,,,,,,,
,,,,,,,,,,,
,,,,,,,,,,,
,,,,,,,,,,,
,,,,,,,,,,,
,,,,,,,,,,,
,,,,,,,,,,,
,,,,,,,,,,,
,,,,,,,,,,,
,,,,,,,,,,,
,,,,,,,,,,,
,,,,,,,,,,,
,,,,,,,,,,,
,,,,,,,,,,,
,,,,,,,,,,,
,,,,,,,,,,,
,,,,,,,,,,,
,,,,,,,,,,,
,,,,,,,,,,,
,,,,,,,,,,,
,,,,,,,,,,,
,,,,,,,,,,,
,,,,,,,,,,,
,,,,,,,,,,,
,,,,,,,,,,,
,,,,,,,,,,,
,,,,,,,,,,,
,,,,,,,,,,,
,,,,,,,,,,,
,,,,,,,,,,,
,,,,,,,,,,,
,,,,,,,,,,,
,,,,,,,,,,,
,,,,,,,,,,,
,,,,,,,,,,,
,,,,,,,,,,,
,,,,,,,,,,,
,,,,,,,,,,,
,,,,,,,,,,,
,,,,,,,,,,,
,,,,,,,,,,,
,,,,,,,,,,,
,,,,,,,,,,,
,,,,,,,,,,,
,,,,,,,,,,,
,,,,,,,,,,,
,,,,,,,,,,,
,,,,,,,,,,,
,,,,,,,,,,,
,,,,,,,,,,,
,,,,,,,,,,,
,,,,,,,,,,,
,,,,,,,,,,,
,,,,,,,,,,,
,,,,,,,,,,,
,,,,,,,,,,,
,,,,,,,,,,,
,,,,,,,,,,,
,,,,,,,,,,,
,,,,,,,,,,,
,,,,,,,,,,,
,,,,,,,,,,,
,,,,,,,,,,,
,,,,,,,,,,,
,,,,,,,,,,,
,,,,,,,,,,,
,,,,,,,,,,,
,,,,,,,,,,,
,,,,,,,,,,,
,,,,,,,,,,,
,,,,,,,,,,,
,,,,,,,,,,,
,,,,,,,,,,,
,,,,,,,,,,,
,,,,,,,,,,,
,,,,,,,,,,,
,,,,,,,,,,,
,,,,,,,,,,,
,,,,,,,,,,,
,,,,,,,,,,,
,,,,,,,,,,,
,,,,,,,,,,,
,,,,,,,,,,,
,,,,,,,,,,,
,,,,,,,,,,,
,,,,,,,,,,,
,,,,,,,,,,,
,,,,,,,,,,,
,,,,,,,,,,,
,,,,,,,,,,,
,,,,,,,,,,,
,,,,,,,,,,,
,,,,,,,,,,,
,,,,,,,,,,,
,,,,,,,,,,,
,,,,,,,,,,,
,,,,,,,,,,,
,,,,,,,,,,,
,,,,,,,,,,,
,,,,,,,,,,,
,,,,,,,,,,,
,,,,,,,,,,,
,,,,,,,,,,,
,,,,,,,,,,,
,,,,,,,,,,,
,,,,,,,,,,,
,,,,,,,,,,,
,,,,,,,,,,,
,,,,,,,,,,,
,,,,,,,,,,,
,,,,,,,,,,,
,,,,,,,,,,,
,,,,,,,,,,,
,,,,,,,,,,,
,,,,,,,,,,,
,,,,,,,,,,,
,,,,,,,,,,,
,,,,,,,,,,,
,,,,,,,,,,,
,,,,,,,,,,,
,,,,,,,,,,,
,,,,,,,,,,,
,,,,,,,,,,,
,,,,,,,,,,,
,,,,,,,,,,,
,,,,,,,,,,,
,,,,,,,,,,,
,,,,,,,,,,,
,,,,,,,,,,,
,,,,,,,,,,,
,,,,,,,,,,,
,,,,,,,,,,,
,,,,,,,,,,,
,,,,,,,,,,,
,,,,,,,,,,,
,,,,,,,,,,,
,,,,,,,,,,,
,,,,,,,,,,,
,,,,,,,,,,,
,,,,,,,,,,,
,,,,,,,,,,,
,,,,,,,,,,,
,,,,,,,,,,,
,,,,,,,,,,,
,,,,,,,,,,,
,,,,,,,,,,,
,,,,,,,,,,,
,,,,,,,,,,,
,,,,,,,,,,,
,,,,,,,,,,,
,,,,,,,,,,,
,,,,,,,,,,,
,,,,,,,,,,,
,,,,,,,,,,,
,,,,,,,,,,,
,,,,,,,,,,,
,,,,,,,,,,,
,,,,,,,,,,,
,,,,,,,,,,,
,,,,,,,,,,,
,,,,,,,,,,,
,,,,,,,,,,,
,,,,,,,,,,,
,,,,,,,,,,,
,,,,,,,,,,,
,,,,,,,,,,,
,,,,,,,,,,,
,,,,,,,,,,,
,,,,,,,,,,,
,,,,,,,,,,,
,,,,,,,,,,,
,,,,,,,,,,,
,,,,,,,,,,,
,,,,,,,,,,,
,,,,,,,,,,,
,,,,,,,,,,,
,,,,,,,,,,,
,,,,,,,,,,,
,,,,,,,,,,,
,,,,,,,,,,,
,,,,,,,,,,,
,,,,,,,,,,,
,,,,,,,,,,,
,,,,,,,,,,,
,,,,,,,,,,,
,,,,,,,,,,,
,,,,,,,,,,,
,,,,,,,,,,,
,,,,,,,,,,,
,,,,,,,,,,,
,,,,,,,,,,,
,,,,,,,,,,,
,,,,,,,,,,,
,,,,,,,,,,,
,,,,,,,,,,,
,,,,,,,,,,,
,,,,,,,,,,,
,,,,,,,,,,,
,,,,,,,,,,,
,,,,,,,,,,,
,,,,,,,,,,,
,,,,,,,,,,,
,,,,,,,,,,,
,,,,,,,,,,,
,,,,,,,,,,,
